"SYMBOL","OPEN","HIGH","LOW","PREV. CLOSE","LTP","INDICATIVE CLOSE","CHNG","%CHNG","VOLUME(shares)","VALUE (₹ Crores)","52W H","52W L","30 D   %CHNG","365 D % CHNG 12-Aug-2024"
"NIFTY TOTAL MARKET","12,738.35","12,791.75","12,693.80","12,736.30","12,701.20","-","-35.10","-0.28","1,86,26,21,004","68,410.16","13,842.60","6,252.10","-3.13","-1.63"
"SONATSOFTW","331.00","381.00","329.15","329.75","372.00","-","42.25","12.81","4,09,92,949","1,502.06","697.20","286.40","-13.13","-38.15"
"STARCEMENT","263.00","294.50","262.37","263.69","288.10","-","24.41","9.26","1,22,46,568","350.61","294.50","171.55","37.51","35.70"
"ALKEM","4,864.50","5,207.50","4,822.00","4,844.50","5,165.00","-","320.50","6.62","9,51,630","488.08","6,439.90","4,491.65","7.12","-9.90"
"SHAILY","1,771.20","1,866.60","1,683.80","1,670.00","1,773.00","-","103.00","6.17","19,20,964","339.47","2,073.80","871.10","9.07","94.34"
"PNGJL","551.50","603.50","548.00","548.65","581.50","-","32.85","5.99","17,04,450","99.60","848.00","473.80","-1.17","-"
"SJVN","92.99","98.90","92.60","93.01","98.16","-","5.15","5.54","4,02,76,916","393.63","148.84","80.54","0.16","-30.28"
"GABRIEL","1,025.00","1,082.00","1,015.10","1,013.20","1,069.00","-","55.80","5.51","10,35,119","109.51","1,122.00","387.00","-1.62","111.53"
"HSCL","448.70","480.90","447.75","446.45","470.00","-","23.55","5.27","55,68,591","261.86","688.70","365.35","-5.99","-0.56"
"IXIGO","239.00","263.34","238.56","238.53","250.70","-","12.17","5.10","2,24,10,876","567.11","263.34","117.00","44.28","57.02"
"CARTRADE","2,214.80","2,350.00","2,206.60","2,213.00","2,325.00","-","112.00","5.06","5,41,775","124.66","2,350.00","817.50","23.01","157.06"
"PCBL","370.00","387.50","369.65","368.90","387.50","-","18.60","5.04","16,80,074","64.20","584.40","331.00","-8.82","-0.34"
"JSL","676.00","715.55","675.25","678.30","711.95","-","33.65","4.96","13,56,611","95.22","803.00","496.60","4.19","4.67"
"TI","513.00","513.00","481.25","472.30","495.00","-","22.70","4.81","84,21,182","420.18","524.00","199.53","45.92","104.92"
"DBREALTY","177.98","187.40","176.46","177.46","185.40","-","7.94","4.47","11,59,998","21.27","252.67","115.11","-23.08","-8.28"
"DATAMATICS","1,015.05","1,066.00","1,011.55","1,016.95","1,060.00","-","43.05","4.23","3,43,799","35.87","1,120.00","515.05","44.56","83.42"
"PTC","178.32","187.90","177.86","178.33","185.85","-","7.52","4.22","18,27,296","33.58","246.85","127.69","0.62","-10.02"
"SAMMAANCAP","115.51","125.46","115.51","114.97","119.70","-","4.73","4.11","2,48,53,085","302.04","179.30","97.61","-6.08","-25.46"
"FACT","916.40","959.85","914.75","914.75","951.90","-","37.15","4.06","6,34,028","59.67","1,112.00","565.00","3.47","-4.60"
"ICIL","232.95","243.65","226.85","232.70","241.95","-","9.25","3.98","3,86,274","9.24","438.90","213.55","-15.94","-35.90"
"JINDWORLD","35.77","38.40","35.51","35.78","37.20","-","1.42","3.97","41,37,013","15.56","94.24","33.89","-12.71","-89.49"
"AWFIS","619.65","624.00","566.30","558.55","579.40","-","20.85","3.73","47,03,497","282.93","946.00","545.50","-9.46","-16.45"
"AVANTIFEED","639.75","675.00","638.30","639.75","663.00","-","23.25","3.63","4,01,791","26.37","964.20","541.50","-10.82","-10.03"
"GREAVESCOT","206.70","219.69","206.37","206.68","214.10","-","7.42","3.59","51,12,610","109.77","319.50","154.50","6.21","25.97"
"PRICOLLTD","418.95","432.35","418.95","416.15","431.00","-","14.85","3.57","2,06,282","8.80","598.80","367.85","-6.29","-16.25"
"ACMESOLAR","275.90","287.00","272.85","275.65","285.30","-","9.65","3.50","14,77,339","41.60","303.94","167.75","-3.21","-"
"ACI","627.90","658.00","621.00","626.10","648.00","-","21.90","3.50","2,21,758","14.24","832.00","408.35","-3.19","-11.35"
"BIOCON","342.10","357.50","340.10","342.10","354.05","-","11.95","3.49","70,56,392","248.02","406.00","291.00","-5.16","5.05"
"CREDITACC","1,259.10","1,313.00","1,259.00","1,259.10","1,302.60","-","43.50","3.45","4,84,007","62.58","1,401.30","750.20","-0.35","4.57"
"RALLIS","359.90","374.00","357.55","360.00","372.40","-","12.40","3.44","7,07,663","25.98","385.90","196.00","7.92","5.12"
"MAHSEAMLES","655.60","698.00","655.60","653.95","676.00","-","22.05","3.37","5,91,628","40.30","814.30","566.50","-2.52","14.45"
"GRANULES","442.55","460.90","440.00","440.55","455.30","-","14.75","3.35","20,97,834","94.48","721.00","422.00","-2.96","-33.96"
"TITAGARH","776.00","818.00","776.00","776.15","801.45","-","25.30","3.26","92,74,181","743.17","1,509.80","654.55","-14.10","-44.81"
"BOROLTD","327.90","340.00","323.65","323.60","334.05","-","10.45","3.23","91,574","3.04","515.90","282.65","-0.89","-15.83"
"WOCKPHARMA","1,463.00","1,529.80","1,455.70","1,463.00","1,510.00","-","47.00","3.21","4,55,434","68.35","1,868.80","894.50","-13.74","-"
"TBOTEK","1,398.70","1,459.00","1,395.70","1,394.80","1,439.00","-","44.20","3.17","1,78,324","25.59","2,001.00","996.00","9.06","-15.03"
"IPCALAB","1,343.30","1,395.60","1,343.30","1,336.70","1,378.90","-","42.20","3.16","3,76,991","51.72","1,755.90","1,168.20","-5.03","-0.38"
"NLCINDIA","232.61","241.69","232.25","232.69","240.00","-","7.31","3.14","14,46,007","34.45","296.80","186.03","5.77","-10.35"
"RATEGAIN","474.10","497.00","470.95","476.70","491.50","-","14.80","3.10","9,04,228","44.15","854.00","412.85","4.34","-35.61"
"INDIACEM","356.50","370.00","356.05","357.10","368.05","-","10.95","3.07","4,76,183","17.44","382.00","238.85","6.42","0.42"
"EASEMYTRIP","8.82","9.70","8.79","8.81","9.07","-","0.26","2.95","6,62,05,264","61.44","22.19","8.75","-12.50","-76.74"
"ASTERDM","587.95","605.75","584.00","587.85","605.20","-","17.35","2.95","8,55,266","51.07","675.00","381.05","-0.49","56.67"
"ALIVUS","927.90","974.00","925.80","927.40","954.70","-","27.30","2.94","1,46,406","13.77","1,335.10","850.00","-5.41","-"
"GHCL","548.00","567.00","545.65","547.90","564.00","-","16.10","2.94","1,27,257","7.13","779.00","511.05","-6.94","-10.34"
"EQUITASBNK","53.67","55.29","53.53","53.69","55.24","-","1.55","2.89","38,45,246","21.03","86.90","52.52","-13.88","-29.11"
"HCG","665.00","674.90","643.75","651.55","670.30","-","18.75","2.88","3,29,261","21.71","674.90","349.00","20.08","88.55"
"SUPRAJIT","427.60","444.10","427.60","427.60","439.90","-","12.30","2.88","67,782","2.98","639.60","350.00","-1.64","-15.58"
"KIRLPNU","1,272.30","1,319.90","1,266.60","1,271.60","1,308.00","-","36.40","2.86","57,256","7.41","1,817.00","953.00","-6.37","5.86"
"MCX","7,965.00","8,230.00","7,914.50","7,947.00","8,171.00","-","224.00","2.82","7,65,567","621.36","9,115.00","4,302.00","1.29","84.10"
"USHAMART","342.00","355.90","339.80","339.50","349.00","-","9.50","2.80","5,10,763","17.87","451.00","278.55","-5.47","4.23"
"CONCORDBIO","1,607.20","1,681.20","1,583.80","1,604.10","1,648.00","-","43.90","2.74","3,05,842","50.01","2,664.00","1,345.00","-8.60","9.12"
"METROPOLIS","2,060.90","2,106.40","2,050.10","2,043.40","2,099.00","-","55.60","2.72","92,084","19.18","2,318.30","1,315.00","11.01","2.66"
"ATGL","599.00","615.50","596.05","596.30","612.45","-","16.15","2.71","9,27,355","56.53","868.85","532.60","-5.10","-26.66"
"CHOICEIN","768.00","798.70","766.15","765.45","786.10","-","20.65","2.70","8,27,808","65.14","798.70","389.00","11.79","97.26"
"SUNFLAG","305.00","309.90","295.00","289.30","297.00","-","7.70","2.66","12,72,648","38.47","322.00","188.15","-1.89","28.98"
"APTUS","334.00","345.70","333.25","334.75","343.65","-","8.90","2.66","5,88,642","19.99","401.65","267.95","-0.96","12.58"
"TTML","57.71","59.99","57.50","57.70","59.22","-","1.52","2.63","6,03,252","3.55","104.00","50.10","-7.91","-"
"IMFA","732.45","757.00","727.15","732.45","751.30","-","18.85","2.57","60,552","4.52","998.80","549.80","0.03","8.98"
"GESHIP","949.95","977.50","946.85","946.85","970.95","-","24.10","2.55","2,80,009","27.05","1,420.00","797.50","-1.82","-27.65"
"PETRONET","273.35","281.80","272.25","273.10","279.85","-","6.75","2.47","17,58,970","49.05","384.20","269.60","-6.77","-25.19"
"MINDACORP","462.00","478.30","462.00","459.65","471.00","-","11.35","2.47","7,23,853","34.13","652.00","445.05","-6.36","-9.61"
"CHAMBLFERT","522.10","539.00","519.50","522.25","535.00","-","12.75","2.44","15,16,323","80.59","742.20","443.20","0.27","1.78"
"ANANDRATHI","2,698.90","2,783.80","2,678.70","2,693.60","2,759.00","-","65.40","2.43","3,77,517","103.91","2,783.80","1,594.00","24.59","-24.59"
"GRAPHITE","523.30","539.00","521.05","523.30","536.00","-","12.70","2.43","5,04,019","26.78","623.35","365.75","-4.50","-1.02"
"VTL","390.25","402.80","389.25","390.25","399.65","-","9.40","2.41","1,80,249","7.18","563.95","361.10","-19.68","-20.79"
"NH","1,774.30","1,832.50","1,773.80","1,765.60","1,808.00","-","42.40","2.40","3,16,793","57.16","2,370.20","1,171.00","-9.73","49.74"
"HYUNDAI","2,179.00","2,239.90","2,172.10","2,151.70","2,202.10","-","50.40","2.34","10,64,558","235.56","2,265.30","1,541.70","4.83","-"
"EPL","226.20","232.95","225.21","226.20","231.50","-","5.30","2.34","7,84,828","18.10","289.90","175.28","-2.06","2.79"
"THOMASCOOK","154.00","159.69","153.61","153.43","157.00","-","3.57","2.33","12,26,866","19.34","239.70","118.25","-3.18","-24.21"
"ELGIEQUIP","508.35","522.40","508.35","508.90","520.75","-","11.85","2.33","2,62,809","13.54","752.95","401.00","-5.90","-16.51"
"SUBROS","797.00","820.45","790.55","787.60","805.90","-","18.30","2.32","70,880","5.74","1,083.20","518.00","-12.75","13.83"
"STAR","797.75","824.00","797.00","797.75","816.00","-","18.25","2.29","2,31,070","18.79","1,675.00","513.05","-8.08","-27.64"
"STARHEALTH","437.50","446.10","434.00","435.25","445.20","-","9.95","2.29","4,19,399","18.49","647.00","327.30","4.72","-23.73"
"BBTC","1,840.00","1,899.00","1,825.00","1,835.50","1,877.00","-","41.50","2.26","92,885","17.29","2,975.00","1,607.05","-4.29","-19.19"
"LEMONTREE","142.80","147.40","142.80","142.11","145.29","-","3.18","2.24","47,97,221","69.90","162.40","112.29","-5.47","19.51"
"ZENSARTECH","791.55","823.80","788.00","791.55","808.80","-","17.25","2.18","6,40,034","51.96","984.95","535.85","-1.21","5.43"
"SUMICHEM","586.00","596.80","579.60","583.40","596.00","-","12.60","2.16","2,20,425","12.99","665.00","446.20","9.57","10.68"
"RAINBOW","1,520.90","1,548.00","1,512.60","1,503.90","1,536.00","-","32.10","2.13","1,01,194","15.52","1,709.60","1,129.00","0.68","23.88"
"INDIGOPNTS","1,079.10","1,115.00","1,079.10","1,078.80","1,101.20","-","22.40","2.08","48,159","5.31","1,720.30","910.00","-8.42","-23.28"
"ASKAUTOLTD","468.00","475.00","461.45","465.05","474.70","-","9.65","2.08","1,04,819","4.91","555.00","333.30","-13.07","15.24"
"LLOYDSENGG","66.90","68.60","66.46","66.67","68.05","-","1.38","2.07","43,05,921","29.25","84.27","44.54","-16.50","-13.11"
"GATEWAY","66.51","68.28","66.12","66.51","67.88","-","1.37","2.06","10,30,220","6.95","103.53","56.85","3.82","-30.93"
"TECHM","1,482.60","1,517.40","1,481.00","1,481.10","1,511.20","-","30.10","2.03","25,32,937","382.29","1,807.70","1,209.40","-5.82","-0.21"
"PATANJALI","1,775.00","1,825.50","1,771.50","1,783.30","1,819.30","-","36.00","2.02","5,25,990","95.13","2,011.00","1,570.00","9.25","2.56"
"MAHSCOOTER","14,944.00","15,409.00","14,900.00","14,874.00","15,174.00","-","300.00","2.02","8,945","13.56","16,200.00","8,822.00","5.33","62.07"
"ACUTAAS","1,282.70","1,329.70","1,282.70","1,282.50","1,308.00","-","25.50","1.99","2,85,649","37.39","2,644.00","1,040.50","13.75","-"
"MARUTI","12,620.00","12,959.00","12,606.00","12,597.00","12,847.00","-","250.00","1.98","5,04,476","648.64","13,541.65","10,725.00","2.12","4.62"
"JAMNAAUTO","89.95","91.28","89.56","89.23","91.00","-","1.77","1.98","4,35,223","3.95","133.99","68.57","-3.65","-29.44"
"PATELENG","39.60","40.29","39.00","38.70","39.46","-","0.76","1.96","80,16,585","31.85","62.80","35.68","-1.45","-28.95"
"JYOTHYLAB","327.45","340.95","325.65","326.45","332.85","-","6.40","1.96","5,38,315","17.90","595.85","300.10","-6.44","-40.69"
"HEMIPROP","131.77","137.50","131.77","131.67","134.21","-","2.54","1.93","7,53,908","10.20","212.90","111.03","0.82","-33.06"
"PGEL","520.00","536.90","513.05","506.00","515.70","-","9.70","1.92","1,79,34,439","937.79","1,054.20","414.45","-32.89","16.52"
"SUNTV","571.00","585.00","571.00","567.90","578.80","-","10.90","1.92","4,19,523","24.29","908.90","546.65","1.84","-29.54"
"EMIL","119.54","123.05","118.75","119.42","121.71","-","2.29","1.92","3,45,604","4.19","247.50","111.11","-13.99","-46.68"
"KPITTECH","1,192.00","1,227.00","1,191.20","1,199.10","1,222.00","-","22.90","1.91","7,43,202","90.34","1,921.00","1,020.60","-3.86","-32.39"
"LATENTVIEW","389.95","400.45","388.65","388.65","396.00","-","7.35","1.89","1,20,963","4.79","527.50","341.20","-8.06","-19.33"
"IGL","203.70","208.83","202.63","202.63","206.39","-","3.76","1.86","28,08,234","58.05","285.18","153.05","-5.66","-62.05"
"SUNDRMFAST","923.25","951.00","922.00","926.80","944.00","-","17.20","1.86","27,717","2.61","1,497.55","831.15","-8.45","-29.15"
"MFSL","1,550.00","1,595.60","1,535.00","1,556.40","1,585.00","-","28.60","1.84","5,45,170","86.06","1,666.90","950.00","1.35","47.50"
"JMFINANCIL","166.42","167.60","158.55","159.99","162.90","-","2.91","1.82","1,80,04,600","292.79","181.40","80.20","-2.87","69.23"
"HEROMOTOCO","4,589.00","4,669.60","4,571.00","4,562.20","4,644.00","-","81.80","1.79","7,23,767","335.81","6,246.25","3,344.00","10.11","-12.55"
"MPHASIS","2,674.90","2,732.80","2,674.90","2,672.20","2,720.00","-","47.80","1.79","4,38,682","119.06","3,237.95","2,044.55","-4.26","0.55"
"AEGISLOG","708.00","721.65","705.65","707.40","720.00","-","12.60","1.78","1,34,466","9.63","1,037.00","609.85","-2.48","-3.65"
"CESC","162.00","166.34","162.00","161.99","164.84","-","2.85","1.76","20,47,337","33.75","212.49","119.00","-5.72","-7.65"
"TRIVENI","333.00","343.20","333.00","335.10","341.00","-","5.90","1.76","1,96,050","6.64","536.00","313.10","-7.15","-12.88"
"HONASA","266.00","275.00","263.30","266.35","271.00","-","4.65","1.75","5,18,096","13.95","547.00","197.51","-8.48","-40.37"
"WELCORP","870.00","887.55","858.10","863.40","878.15","-","14.75","1.71","4,33,034","37.87","994.00","635.75","-3.77","25.81"
"SENCO","335.00","343.00","327.00","331.15","336.80","-","5.65","1.71","11,08,997","37.51","772.00","227.40","-1.34","-67.36"
"DCAL","239.95","245.90","238.10","239.95","243.90","-","3.95","1.65","42,922","1.04","307.98","161.21","-4.73","-"
"OPTIEMUS","569.70","590.75","565.60","567.80","577.00","-","9.20","1.62","1,30,083","7.50","873.80","378.45","-4.57","11.14"
"FORCEMOT","18,681.00","18,974.00","18,600.00","18,540.00","18,839.00","-","299.00","1.61","79,064","148.96","20,500.00","6,125.00","15.21","127.01"
"DMART","4,184.50","4,273.40","4,184.50","4,184.50","4,252.00","-","67.50","1.61","2,78,164","118.14","5,484.85","3,340.00","4.63","-15.18"
"INOXGREEN","157.90","164.00","156.59","156.24","158.69","-","2.45","1.57","6,09,009","9.82","224.65","104.00","4.74","-"
"M&M","3,186.10","3,253.00","3,185.10","3,186.20","3,236.00","-","49.80","1.56","33,15,978","1,072.78","3,303.00","2,425.00","5.31","19.09"
"HERITGFOOD","465.00","473.50","460.00","463.20","470.40","-","7.20","1.55","1,99,857","9.36","659.00","352.10","-1.33","-14.63"
"CYIENTDLM","423.50","431.15","423.50","422.45","429.00","-","6.55","1.55","82,891","3.56","840.80","378.60","-10.96","-44.88"
"DALBHARAT","2,226.80","2,277.00","2,224.60","2,224.60","2,258.80","-","34.20","1.54","7,53,610","169.87","2,343.00","1,601.00","3.54","29.13"
"EIHOTEL","360.00","365.20","359.10","359.65","365.00","-","5.35","1.49","82,434","2.99","441.75","305.00","-3.43","-7.29"
"POWERMECH","3,105.00","3,164.00","3,103.50","3,091.10","3,137.00","-","45.90","1.48","61,870","19.38","3,725.00","1,700.00","-5.08","-43.86"
"MGL","1,342.10","1,359.00","1,332.50","1,337.40","1,357.00","-","19.60","1.47","2,31,745","31.38","1,988.00","1,075.25","-8.71","-25.73"
"KIMS","728.30","744.60","718.00","726.50","737.00","-","10.50","1.45","3,10,378","22.77","798.40","437.41","3.66","-67.23"
"IGIL","332.40","342.80","328.45","329.25","334.00","-","4.75","1.44","9,47,373","31.84","642.30","282.00","-13.22","-"
"NAVINFLUOR","4,848.00","4,914.00","4,808.50","4,824.50","4,893.50","-","69.00","1.43","65,184","31.80","5,444.00","3,160.40","-3.50","41.21"
"NIVABUPA","79.86","81.73","79.86","79.65","80.79","-","1.14","1.43","8,84,523","7.14","109.34","68.54","-8.86","-"
"ICICIPRULI","609.75","619.95","608.00","609.65","618.20","-","8.55","1.40","4,65,659","28.70","796.80","525.80","-6.64","-15.36"
"OFSS","8,411.00","8,639.00","8,409.00","8,403.50","8,520.50","-","117.00","1.39","1,02,518","87.78","13,220.00","7,038.00","-1.42","-20.69"
"APOLLOTYRE","441.00","448.95","434.80","438.90","445.00","-","6.10","1.39","4,51,459","19.98","584.90","370.90","-2.61","-9.49"
"JBMA","594.00","606.20","593.50","593.45","601.50","-","8.05","1.36","2,11,849","12.75","1,047.50","489.80","-6.46","-67.33"
"ROSSARI","635.00","647.00","633.90","637.20","645.85","-","8.65","1.36","35,015","2.23","972.70","569.00","-9.34","-30.28"
"HINDZINC","420.40","424.45","418.80","417.40","423.00","-","5.60","1.34","15,97,032","67.49","627.90","378.15","-0.34","-31.06"
"EMCURE","1,386.00","1,415.00","1,368.20","1,389.90","1,408.50","-","18.60","1.34","1,38,771","19.41","1,580.00","889.00","8.58","10.57"
"WABAG","1,534.90","1,548.50","1,520.20","1,527.90","1,548.00","-","20.10","1.32","1,56,117","23.89","1,944.00","1,114.00","3.50","15.90"
"UCOBANK","28.15","28.44","27.95","28.05","28.42","-","0.37","1.32","80,55,448","22.69","53.05","26.81","-10.43","-44.64"
"BRIGADE","968.60","977.90","953.40","961.30","974.00","-","12.70","1.32","1,23,311","11.95","1,448.70","852.00","-8.35","-14.48"
"TIMKEN","2,851.50","2,911.90","2,835.00","2,851.40","2,888.00","-","36.60","1.28","59,257","17.07","3,958.95","2,202.00","-13.87","-25.59"
"KANSAINER","235.00","239.59","233.77","235.02","238.01","-","2.99","1.27","6,65,115","15.83","320.50","218.20","-3.20","-19.35"
"PERSISTENT","5,214.50","5,290.00","5,180.00","5,171.00","5,235.00","-","64.00","1.24","5,53,305","290.06","6,788.90","4,148.95","-6.20","11.90"
"SANSERA","1,283.40","1,317.40","1,257.20","1,256.40","1,272.00","-","15.60","1.24","1,41,098","18.12","1,758.30","972.20","-5.89","-8.59"
"FIRSTCRY","370.45","378.15","370.00","370.45","375.00","-","4.55","1.23","8,27,099","31.00","734.00","286.05","-1.24","-"
"GOKEX","693.80","710.00","692.90","696.40","705.00","-","8.60","1.23","2,66,253","18.70","1,262.15","679.00","-23.33","-23.01"
"AJANTPHARM","2,633.30","2,714.00","2,633.30","2,649.30","2,682.00","-","32.70","1.23","60,197","16.18","3,485.00","2,327.30","2.70","-12.07"
"SHARDACROP","986.20","998.90","963.00","979.10","990.90","-","11.80","1.21","1,58,744","15.55","1,181.00","452.25","18.32","66.12"
"REDTAPE","120.84","124.00","120.10","120.54","122.00","-","1.46","1.21","1,91,151","2.34","245.00","119.51","-12.04","-82.81"
"APARINDS","8,750.00","8,845.00","8,605.00","8,719.50","8,824.00","-","104.50","1.20","49,543","43.24","11,779.90","4,308.05","1.64","4.84"
"NTPC","336.25","341.85","335.75","336.15","340.15","-","4.00","1.19","72,21,182","245.48","448.45","292.80","-0.76","-15.16"
"NAZARA","1,405.00","1,430.00","1,402.40","1,401.50","1,418.00","-","16.50","1.18","9,68,338","137.58","1,436.00","834.55","6.50","49.55"
"RADICO","2,867.00","2,915.00","2,845.60","2,856.30","2,890.00","-","33.70","1.18","2,11,968","61.29","2,940.00","1,628.00","6.52","73.82"
"BLUEDART","5,872.50","5,971.50","5,844.00","5,872.50","5,942.00","-","69.50","1.18","14,594","8.63","9,488.70","5,365.00","-10.61","-27.34"
"CHEMPLASTS","409.20","412.00","406.45","407.20","412.00","-","4.80","1.18","10,022","0.41","535.00","379.00","-3.24","-18.58"
"SYNGENE","642.85","651.25","639.30","642.60","650.00","-","7.40","1.15","5,39,658","34.79","960.60","599.55","3.64","-21.32"
"RAJESHEXPO","177.36","180.00","176.94","176.49","178.51","-","2.02","1.14","2,98,285","5.33","309.55","151.11","-11.71","-39.54"
"SUNPHARMA","1,611.70","1,636.70","1,610.10","1,608.40","1,626.50","-","18.10","1.13","16,79,088","272.66","1,960.35","1,553.05","-2.98","-6.44"
"PREMIERENE","1,013.00","1,022.90","998.50","1,003.60","1,014.90","-","11.30","1.13","5,76,046","58.43","1,388.00","774.05","-7.95","-"
"LTTS","4,176.60","4,219.00","4,144.60","4,145.10","4,192.00","-","46.90","1.13","30,204","12.66","6,000.00","3,966.00","-5.03","-13.62"
"DBL","475.50","481.75","472.00","473.70","479.05","-","5.35","1.13","98,206","4.69","588.00","363.15","-2.83","-14.04"
"FORTIS","921.95","935.45","918.20","920.65","931.00","-","10.35","1.12","28,15,033","260.88","935.45","486.00","21.86","86.54"
"TORNTPOWER","1,346.30","1,360.60","1,345.20","1,345.00","1,360.00","-","15.00","1.12","2,07,267","28.10","2,037.00","1,207.25","-3.55","-22.46"
"GNFC","500.00","506.75","497.05","498.50","504.00","-","5.50","1.10","3,24,714","16.32","707.70","449.00","-6.68","-24.88"
"LALPATHLAB","3,219.00","3,265.40","3,218.20","3,219.00","3,254.00","-","35.00","1.09","62,659","20.32","3,653.95","2,293.55","11.26","0.90"
"TRIDENT","27.67","28.01","27.65","27.60","27.90","-","0.30","1.09","42,07,843","11.72","40.20","23.11","-11.99","-25.52"
"REFEX","414.70","417.05","408.10","407.50","411.95","-","4.45","1.09","2,13,437","8.78","600.00","260.10","-7.11","45.94"
"GODIGIT","360.15","365.00","358.00","358.40","362.30","-","3.90","1.09","2,12,823","7.70","407.40","264.60","5.64","2.44"
"NYKAA","204.15","205.80","202.64","203.54","205.70","-","2.16","1.06","17,37,735","35.52","229.80","154.90","-5.80","5.16"
"LICI","905.00","928.00","903.90","906.35","915.80","-","9.45","1.04","12,84,334","118.13","1,130.30","715.30","-0.64","-14.69"
"TATASTEEL","158.52","161.65","158.50","158.52","160.13","-","1.61","1.02","2,00,56,598","322.15","170.18","122.62","0.20","5.33"
"SOUTHBANK","29.65","29.95","29.57","29.50","29.80","-","0.30","1.02","75,81,090","22.59","32.25","22.27","-0.47","20.21"
"IOC","141.11","143.85","140.86","141.41","142.84","-","1.43","1.01","1,28,58,483","183.52","184.00","110.72","-5.31","-15.67"
"CIPLA","1,504.00","1,524.90","1,501.10","1,504.80","1,520.00","-","15.20","1.01","9,10,349","138.04","1,702.05","1,335.00","2.46","-4.08"
"SCI","203.69","213.73","203.02","202.36","204.40","-","2.04","1.01","41,00,819","85.33","288.75","138.26","-7.18","-24.91"
"EIDPARRY","1,148.00","1,175.00","1,141.70","1,148.40","1,160.00","-","11.60","1.01","2,10,319","24.40","1,246.80","639.00","1.39","46.31"
"LTIM","5,066.50","5,140.00","5,046.00","5,066.50","5,117.00","-","50.50","1.00","1,56,885","80.13","6,767.95","3,802.00","-1.90","-5.43"
"BOMDYEING","163.40","166.65","162.42","163.38","165.00","-","1.62","0.99","8,04,237","13.28","256.40","117.50","3.10","-25.18"
"PVRINOX","1,075.20","1,106.70","1,075.20","1,073.50","1,084.00","-","10.50","0.98","6,31,433","69.08","1,748.00","830.00","10.17","-26.10"
"PARAS","652.00","663.00","644.00","652.60","659.00","-","6.40","0.98","3,56,504","23.34","972.50","404.70","-19.29","-"
"AAVAS","1,715.00","1,738.90","1,707.00","1,713.20","1,730.00","-","16.80","0.98","58,421","10.03","2,234.00","1,622.05","-14.02","0.66"
"PRINCEPIPE","292.05","295.90","290.25","292.05","294.90","-","2.85","0.98","1,70,952","5.00","617.50","229.05","-19.73","-50.59"
"INDIASHLTR","915.10","926.95","909.00","917.90","926.65","-","8.75","0.95","1,51,064","13.86","1,011.75","607.00","-4.01","24.58"
"CAMPUS","260.05","263.00","258.60","259.45","261.90","-","2.45","0.94","2,44,341","6.36","371.90","210.00","-7.67","-10.29"
"RBA","77.81","79.50","76.69","78.31","79.05","-","0.74","0.94","6,22,568","4.87","116.50","59.40","-3.83","-25.84"
"JKCEMENT","7,006.00","7,066.00","6,982.50","6,962.00","7,025.00","-","63.00","0.90","1,33,758","94.01","7,135.50","3,891.45","8.96","65.81"
"CYIENT","1,160.10","1,181.90","1,160.10","1,162.80","1,173.30","-","10.50","0.90","1,74,828","20.52","2,157.45","1,084.05","-7.91","-29.68"
"COHANCE","940.10","954.90","935.45","941.55","950.00","-","8.45","0.90","89,141","8.45","1,360.00","910.75","-6.60","-"
"CIGNITITEC","1,462.00","1,549.90","1,462.00","1,517.20","1,530.90","-","13.70","0.90","45,104","6.92","1,970.00","1,033.25","-13.02","12.87"
"IRB","44.26","45.00","44.10","44.25","44.64","-","0.39","0.88","54,36,763","24.22","66.90","40.96","-6.16","-28.37"
"ABDL","488.70","498.00","488.65","488.70","493.00","-","4.30","0.88","1,55,956","7.72","539.80","279.00","10.41","58.85"
"THANGAMAYL","1,963.00","1,988.00","1,952.10","1,962.70","1,980.00","-","17.30","0.88","23,845","4.71","2,572.82","1,523.10","2.80","12.22"
"BPCL","321.00","326.50","320.70","320.95","323.75","-","2.80","0.87","43,92,686","142.36","376.00","234.01","-6.13","-2.91"
"OLECTRA","1,422.00","1,469.00","1,417.10","1,419.30","1,431.40","-","12.10","0.85","5,02,838","72.63","1,787.00","989.95","16.74","-7.15"
"GAIL","173.00","175.24","172.48","173.02","174.45","-","1.43","0.83","71,41,744","124.44","245.00","150.52","-4.17","-24.84"
"BASF","4,598.10","4,668.00","4,590.00","4,598.10","4,636.00","-","37.90","0.82","9,274","4.29","8,750.00","4,065.05","-7.92","-35.92"
"WELENT","445.45","462.40","438.85","438.85","442.40","-","3.55","0.81","4,75,240","21.30","655.00","400.05","-13.10","-21.85"
"CHOLAHLDNG","1,829.50","1,865.30","1,815.00","1,845.10","1,860.00","-","14.90","0.81","1,01,271","18.63","2,231.60","1,357.35","-10.69","23.82"
"M&MFIN","255.80","257.80","253.80","254.95","257.00","-","2.05","0.80","7,32,466","18.79","333.01","231.02","-3.33","-13.99"
"VEDL","430.00","437.20","429.05","430.10","433.50","-","3.40","0.79","49,15,393","213.34","526.95","363.00","-2.15","0.27"
"POLYCAB","6,764.00","6,823.00","6,620.00","6,757.50","6,810.00","-","52.50","0.78","5,22,463","352.13","7,605.00","4,555.00","1.46","3.32"
"BECTORFOOD","1,416.10","1,506.20","1,402.20","1,414.10","1,425.10","-","11.00","0.78","1,54,330","22.36","2,200.00","1,276.00","-1.37","-1.86"
"PFIZER","5,118.00","5,200.00","5,083.00","5,060.50","5,100.00","-","39.50","0.78","29,076","14.94","6,451.15","3,701.00","-7.52","-12.45"
"POONAWALLA","442.75","450.90","440.65","442.45","445.85","-","3.40","0.77","8,41,062","37.64","483.40","267.20","-1.77","23.00"
"GILLETTE","10,330.00","10,500.00","10,325.00","10,326.00","10,404.00","-","78.00","0.76","15,211","15.85","11,500.00","7,411.65","-3.26","32.01"
"VIJAYA","1,048.00","1,063.90","1,048.00","1,050.00","1,058.00","-","8.00","0.76","44,992","4.75","1,275.00","740.00","3.42","27.94"
"MRPL","126.50","128.39","125.68","125.86","126.80","-","0.94","0.75","11,24,759","14.29","219.99","98.92","-11.34","-39.03"
"TEXRAIL","139.00","141.40","138.67","139.00","140.04","-","1.04","0.75","9,72,584","13.65","262.95","119.06","-14.32","-44.87"
"INDIGO","5,825.00","5,962.50","5,824.00","5,878.50","5,922.00","-","43.50","0.74","8,83,247","523.72","6,018.00","3,780.00","0.17","39.42"
"CHALET","871.60","886.85","869.50","869.75","876.00","-","6.25","0.72","1,19,393","10.49","1,082.00","634.05","2.02","10.95"
"SKFINDIA","4,488.00","4,500.00","4,432.00","4,458.40","4,490.00","-","31.60","0.71","28,103","12.55","5,580.00","3,541.00","-7.74","-15.40"
"EUREKAFORB","561.90","567.95","550.00","551.05","554.90","-","3.85","0.70","1,99,152","11.10","655.50","461.50","-3.15","-"
"FINPIPE","189.69","192.91","188.10","189.39","190.70","-","1.31","0.69","8,45,189","16.14","334.30","153.92","-6.89","-33.90"
"ONGC","233.80","236.36","233.61","233.79","235.37","-","1.58","0.68","70,36,778","165.52","345.00","205.00","-2.58","-30.99"
"HCLTECH","1,490.00","1,509.90","1,489.00","1,488.00","1,498.00","-","10.00","0.67","34,22,656","514.04","2,012.20","1,302.75","-8.50","-5.43"
"INDUSTOWER","337.40","343.40","337.20","337.40","339.65","-","2.25","0.67","36,37,933","123.73","460.35","312.75","-16.05","-18.37"
"GMRP&UI","115.10","118.00","114.51","116.22","117.00","-","0.78","0.67","13,69,073","15.94","169.25","89.36","2.89","11.16"
"DEEPAKNTR","1,859.50","1,870.70","1,827.10","1,845.60","1,858.00","-","12.40","0.67","85,670","15.90","3,093.75","1,782.00","-6.24","-38.19"
"IOB","36.04","36.27","35.93","36.00","36.24","-","0.24","0.67","23,75,020","8.57","63.64","33.50","-6.97","-40.58"
"SWSOLAR","276.95","283.85","274.65","274.55","276.35","-","1.80","0.66","25,38,910","70.91","758.45","218.45","-16.03","-58.75"
"RKFORGE","581.15","593.00","575.30","581.15","585.00","-","3.85","0.66","2,86,808","16.78","1,064.05","551.75","-11.57","-37.00"
"COALINDIA","381.55","386.45","381.20","382.50","385.00","-","2.50","0.65","48,60,757","186.98","543.55","349.25","1.16","-26.45"
"TIINDIA","2,985.00","3,050.00","2,980.00","3,000.60","3,020.10","-","19.50","0.65","4,69,315","141.71","4,810.80","2,407.10","5.29","-22.88"
"THERMAX","3,290.00","3,320.00","3,273.60","3,273.60","3,295.00","-","21.40","0.65","65,177","21.49","5,719.00","2,950.05","-4.82","-22.53"
"RPOWER","44.10","44.65","43.37","43.82","44.10","-","0.28","0.64","72,36,259","31.89","76.49","29.21","-32.17","-"
"ELECON","544.90","547.10","538.00","541.60","545.05","-","3.45","0.64","2,07,486","11.28","739.10","376.95","-11.92","-8.44"
"PNCINFRA","304.80","308.50","302.75","304.80","306.75","-","1.95","0.64","2,51,270","7.67","520.00","240.00","1.05","-36.70"
"VSTIND","277.55","280.45","276.80","277.25","279.00","-","1.75","0.63","1,42,101","3.96","486.15","242.05","-6.39","-93.26"
"DATAPATTNS","2,515.00","2,548.20","2,480.60","2,514.30","2,530.00","-","15.70","0.62","1,72,009","43.35","3,268.80","1,351.15","-11.37","-13.31"
"JKLAKSHMI","912.95","926.40","905.40","904.35","910.00","-","5.65","0.62","1,19,630","10.97","1,021.20","660.50","-6.57","12.72"
"CRAFTSMAN","6,910.00","6,950.00","6,750.50","6,859.00","6,900.50","-","41.50","0.61","60,841","41.67","7,121.25","3,700.00","15.90","28.16"
"UJJIVANSFB","43.00","43.59","43.00","42.79","43.05","-","0.26","0.61","28,13,093","12.18","51.87","30.88","-9.19","3.01"
"HEIDELBERG","212.60","214.77","211.34","211.59","212.89","-","1.30","0.61","74,425","1.58","258.00","182.42","0.33","-4.49"
"GPPL","155.65","159.00","155.10","155.44","156.38","-","0.94","0.60","6,23,850","9.80","250.69","122.50","-0.99","-31.88"
"COFORGE","1,619.60","1,652.00","1,613.90","1,613.90","1,623.30","-","9.40","0.58","11,70,688","191.40","2,005.36","1,153.20","-12.98","-72.33"
"AUROPHARMA","1,052.50","1,068.50","1,045.10","1,052.90","1,059.00","-","6.10","0.58","6,68,937","70.86","1,592.00","1,010.00","-5.92","-27.61"
"MSTCLTD","475.95","477.90","468.10","468.20","470.90","-","2.70","0.58","93,697","4.42","874.55","411.10","-11.41","-44.93"
"BALRAMCHIN","555.00","567.90","537.55","551.80","554.95","-","3.15","0.57","9,44,843","52.14","691.80","419.05","-8.97","13.27"
"BHEL","222.00","225.66","220.50","221.46","222.70","-","1.24","0.56","55,79,037","124.59","304.00","176.00","-13.85","-25.39"
"CENTRALBK","35.90","36.26","35.80","35.90","36.10","-","0.20","0.56","32,81,461","11.85","61.90","32.75","-5.95","-38.79"
"HAPPSTMNDS","579.55","585.55","577.60","576.60","579.85","-","3.25","0.56","1,14,475","6.65","833.00","519.30","-7.88","-24.99"
"NUVOCO","446.00","456.15","444.35","445.70","448.15","-","2.45","0.55","6,25,937","28.19","456.15","287.05","25.01","34.35"
"DHANI","60.29","61.27","60.00","60.07","60.39","-","0.32","0.53","17,00,663","10.30","109.88","47.05","-9.37","15.07"
"ORIENTCEM","236.00","240.32","235.25","236.80","238.00","-","1.20","0.51","4,42,327","10.52","379.00","221.60","-1.24","-30.17"
"UNIONBANK","135.45","137.00","134.96","134.78","135.45","-","0.67","0.50","85,79,446","116.55","158.65","100.81","-5.70","11.49"
"TITAN","3,467.90","3,534.00","3,460.10","3,467.90","3,485.00","-","17.10","0.49","9,29,276","325.60","3,867.00","2,925.00","3.72","5.00"
"ADANIENT","2,280.10","2,314.70","2,267.00","2,283.40","2,294.50","-","11.10","0.49","10,75,526","246.31","3,211.00","2,025.00","-10.57","-27.40"
"SHAKTIPUMP","839.00","852.00","832.40","835.05","839.10","-","4.05","0.49","3,07,103","25.83","1,387.00","651.75","-9.10","-82.05"
"BALAMINES","1,533.50","1,549.60","1,515.00","1,534.70","1,542.00","-","7.30","0.48","26,214","4.02","2,433.00","1,127.55","-14.15","-29.75"
"LMW","14,835.00","14,989.00","14,508.00","14,830.00","14,900.00","-","70.00","0.47","2,931","4.33","19,199.95","13,450.05","-10.68","-"
"SIEMENS","3,114.80","3,200.00","3,085.10","3,114.80","3,129.20","-","14.40","0.46","6,97,711","219.11","8,129.90","2,450.00","0.56","-54.70"
"NHPC","83.75","84.19","83.18","83.45","83.83","-","0.38","0.46","59,67,656","49.97","100.50","71.00","-4.70","-13.38"
"INDGN","570.00","576.00","568.10","572.15","574.80","-","2.65","0.46","1,62,535","9.32","736.30","499.00","1.88","0.37"
"JSWINFRA","297.00","302.95","295.10","296.90","298.25","-","1.35","0.45","8,14,121","24.22","355.00","218.20","-6.17","-6.77"
"ABSLAMC","855.50","859.25","845.65","848.15","852.00","-","3.85","0.45","2,18,153","18.57","911.85","556.45","0.64","21.93"
"VBL","512.75","517.40","508.15","510.75","513.00","-","2.25","0.44","35,13,096","180.40","668.00","419.55","13.71","-65.09"
"CEIGALL","245.68","250.90","245.00","245.31","246.40","-","1.09","0.44","1,79,078","4.43","421.50","235.95","-14.18","-36.97"
"BEPL","110.99","112.50","110.03","110.09","110.57","-","0.48","0.44","1,96,975","2.19","177.00","90.00","-2.44","-23.39"
"HEG","506.00","514.35","501.10","505.55","507.70","-","2.15","0.43","6,36,458","32.32","619.50","331.25","0.31","-75.86"
"GSPL","303.00","306.60","300.85","302.90","304.20","-","1.30","0.43","10,50,303","31.97","469.70","261.45","-7.24","-7.08"
"MAXESTATES","457.00","470.40","452.85","455.95","457.90","-","1.95","0.43","1,05,648","4.88","698.75","341.10","-9.46","-14.01"
"ITI","303.30","309.00","301.25","300.85","302.10","-","1.25","0.42","5,02,609","15.29","592.70","210.00","-4.09","4.89"
"HINDCOPPER","237.00","241.19","236.25","237.72","238.69","-","0.97","0.41","15,12,752","36.13","353.00","183.82","-8.91","-20.97"
"ABB","5,079.50","5,089.50","5,017.00","5,047.00","5,067.00","-","20.00","0.40","2,73,262","138.14","8,940.60","4,684.45","-11.90","-33.92"
"BANDHANBNK","166.06","167.90","165.61","166.06","166.72","-","0.66","0.40","23,46,697","39.18","215.44","128.16","-5.06","-15.40"
"ELECTCAST","100.50","101.97","100.01","100.21","100.60","-","0.39","0.39","8,23,907","8.34","236.60","86.25","-18.25","-52.12"
"NTPCGREEN","101.87","103.99","101.70","102.21","102.60","-","0.39","0.38","28,62,525","29.48","155.35","84.55","-8.47","-"
"HUDCO","210.33","212.40","209.05","210.33","211.08","-","0.75","0.36","29,00,680","61.16","312.90","158.85","-8.69","-29.80"
"NEOGEN","1,424.80","1,455.00","1,402.60","1,424.80","1,430.00","-","5.20","0.36","28,361","4.07","2,420.00","1,392.75","-8.84","-16.45"
"ADANIPOWER","595.25","598.40","589.20","593.90","595.95","-","2.05","0.35","22,82,587","135.42","706.75","432.00","-2.06","-14.46"
"SAIL","121.40","123.49","121.31","121.67","122.10","-","0.43","0.35","65,94,879","80.87","144.20","99.15","-9.04","-7.22"
"GPIL","196.57","200.00","195.02","196.57","197.25","-","0.68","0.35","17,36,803","34.41","253.40","145.75","6.11","-81.25"
"HATHWAY","14.20","14.50","14.20","14.34","14.39","-","0.05","0.35","13,97,891","2.01","22.17","11.94","-6.38","-32.65"
"KIRLOSBROS","1,878.50","1,897.40","1,862.20","1,873.70","1,880.00","-","6.30","0.34","61,905","11.64","2,475.00","1,422.35","-14.37","-4.65"
"AETHER","733.00","738.00","730.00","733.50","735.85","-","2.35","0.32","65,919","4.84","1,071.00","725.00","-5.55","-16.50"
"HBLENGINE","693.00","713.00","685.15","683.95","686.05","-","2.10","0.31","1,78,99,999","1,259.07","739.65","405.00","13.22","-"
"LT","3,680.00","3,727.90","3,673.10","3,668.40","3,679.80","-","11.40","0.31","22,80,103","843.63","3,963.50","2,965.30","4.11","3.20"
"J&KBANK","104.50","105.75","104.14","104.48","104.79","-","0.31","0.30","14,93,255","15.65","117.25","86.61","-3.64","-5.54"
"GMMPFAUDLR","1,311.00","1,320.00","1,282.70","1,309.10","1,313.00","-","3.90","0.30","27,077","3.52","1,530.00","991.10","0.14","-2.32"
"ULTRACEMCO","12,447.00","12,530.00","12,397.00","12,405.00","12,440.00","-","35.00","0.28","3,34,100","416.45","12,714.00","10,047.85","-0.37","10.14"
"KRBL","444.80","470.95","437.80","446.85","448.10","-","1.25","0.28","78,17,003","355.80","470.95","241.25","16.02","59.10"
"TORNTPHARM","3,614.90","3,641.80","3,591.70","3,614.90","3,625.00","-","10.10","0.28","2,30,368","83.41","3,787.90","2,886.45","9.41","8.66"
"SULA","250.40","252.10","248.10","249.25","249.95","-","0.70","0.28","3,04,803","7.63","510.90","243.00","-16.64","-48.32"
"ESCORTS","3,366.10","3,390.20","3,355.00","3,367.50","3,376.60","-","9.10","0.27","22,397","7.55","4,420.00","2,776.40","2.40","-9.01"
"EDELWEISS","94.00","95.89","92.61","93.57","93.80","-","0.23","0.25","1,00,57,530","94.77","145.53","73.50","-17.13","18.29"
"SUNTECK","381.90","386.25","378.75","381.10","382.00","-","0.90","0.24","1,72,686","6.61","635.00","347.00","-12.76","-34.67"
"JINDALSTEL","981.20","1,004.00","979.70","991.00","993.25","-","2.25","0.23","12,11,533","120.67","1,073.70","723.35","6.40","8.76"
"CMSINFO","439.60","441.20","434.70","436.50","437.50","-","1.00","0.23","3,41,704","14.93","616.50","410.55","-16.10","-20.55"
"GRINFRA","1,226.20","1,250.00","1,226.20","1,244.80","1,247.70","-","2.90","0.23","7,877","0.97","1,774.95","901.00","-1.72","-22.60"
"PCJEWELLER","13.54","13.65","13.35","13.41","13.44","-","0.03","0.22","3,12,97,147","42.19","19.65","8.83","-22.71","-85.33"
"MAHABANK","55.46","55.98","55.01","55.48","55.60","-","0.12","0.22","44,76,773","24.87","63.85","42.00","-0.48","-8.90"
"NMDC","70.74","71.52","70.18","70.65","70.80","-","0.15","0.21","1,04,03,379","73.76","82.83","59.53","2.74","-69.11"
"TATAMOTORS","651.10","660.95","650.80","653.75","655.05","-","1.30","0.20","1,12,12,223","734.82","1,142.00","535.75","-4.06","-39.22"
"GLENMARK","2,049.30","2,073.90","2,035.20","2,049.30","2,053.40","-","4.10","0.20","3,85,694","79.38","2,284.80","1,275.50","-5.63","36.99"
"ZEEL","113.00","115.79","112.80","113.14","113.37","-","0.23","0.20","59,90,433","68.32","154.90","89.32","-17.53","-16.75"
"DCBBANK","125.11","125.95","124.01","124.75","125.00","-","0.25","0.20","10,90,732","13.62","150.79","101.41","-12.04","5.96"
"DCXINDIA","249.50","254.20","248.00","248.50","249.00","-","0.50","0.20","3,74,162","9.41","393.00","200.10","-9.96","-"
"ADANIGREEN","929.10","941.00","927.50","929.10","930.90","-","1.80","0.19","10,96,445","102.39","2,091.00","758.00","-6.46","-48.23"
"PHOENIXLTD","1,437.30","1,442.00","1,416.30","1,437.30","1,440.00","-","2.70","0.19","5,08,486","72.96","1,968.00","1,338.05","-3.34","-56.77"
"AKUMS","485.00","488.55","472.30","479.65","480.55","-","0.90","0.19","2,24,436","10.74","1,175.90","405.00","-13.78","-45.55"
"COCHINSHIP","1,679.00","1,680.10","1,647.30","1,660.00","1,663.00","-","3.00","0.18","5,24,016","87.12","2,545.00","1,180.20","-15.92","-28.30"
"BANSALWIRE","369.50","369.50","363.50","365.35","366.00","-","0.65","0.18","36,835","1.35","503.95","323.15","-9.59","7.60"
"KSCL","1,089.90","1,119.30","1,087.30","1,098.10","1,100.00","-","1.90","0.17","53,639","5.93","1,602.00","804.10","-2.83","-3.84"
"INDHOTEL","751.00","758.90","745.60","746.75","747.95","-","1.20","0.16","17,47,197","131.31","894.90","599.55","1.67","21.11"
"BAYERCROP","5,674.00","5,700.00","5,580.00","5,631.00","5,640.00","-","9.00","0.16","20,256","11.45","6,919.60","4,217.45","-8.94","-11.42"
"WONDERLA","594.15","595.00","578.60","587.10","588.00","-","0.90","0.15","31,148","1.83","947.40","578.60","-8.22","-27.00"
"GODREJIND","1,094.50","1,106.50","1,090.00","1,093.60","1,095.00","-","1.40","0.13","23,594","2.59","1,390.00","766.00","0.01","21.88"
"RESPONIND","200.04","201.90","197.85","199.84","200.10","-","0.26","0.13","25,146","0.50","302.15","155.80","-17.35","-27.54"
"AARTIDRUGS","489.70","492.75","485.40","489.40","490.00","-","0.60","0.12","66,521","3.25","635.00","312.00","3.35","-4.07"
"CANBK","109.69","110.25","109.04","109.48","109.60","-","0.12","0.11","1,06,06,131","116.30","119.30","78.60","-2.12","-"
"WELSPUNLIV","114.44","115.70","113.35","113.57","113.70","-","0.13","0.11","23,26,999","26.60","212.95","104.80","-19.00","-36.20"
"BBL","2,805.50","2,829.90","2,785.10","2,804.50","2,807.60","-","3.10","0.11","17,157","4.82","5,470.00","2,350.00","-14.18","-42.89"
"MARICO","707.70","712.50","702.85","707.00","707.70","-","0.70","0.10","8,67,153","61.26","745.00","577.85","-2.97","9.22"
"ARE&M","960.95","961.00","947.75","955.20","956.20","-","1.00","0.10","2,90,628","27.75","1,638.95","832.30","-2.32","-40.20"
"AARTIPHARM","859.00","862.35","847.80","859.10","859.95","-","0.85","0.10","1,39,410","11.92","971.00","557.05","-7.66","44.06"
"BANKINDIA","113.29","113.91","112.93","113.20","113.30","-","0.10","0.09","30,83,473","35.00","130.24","90.05","-0.92","-3.79"
"ACC","1,790.00","1,800.70","1,785.20","1,786.20","1,787.80","-","1.60","0.09","1,21,581","21.78","2,544.90","1,778.45","-9.83","-22.73"
"JUBLFOOD","630.45","638.55","627.05","630.45","630.95","-","0.50","0.08","23,70,696","149.76","796.75","558.25","-6.74","-2.84"
"PIIND","3,857.60","3,883.50","3,811.10","3,853.70","3,856.90","-","3.20","0.08","2,83,903","109.18","4,804.05","2,951.10","-5.12","-13.58"
"PIDILITIND","3,100.00","3,114.10","3,082.30","3,096.80","3,099.30","-","2.50","0.08","2,99,131","92.77","3,415.00","2,622.20","3.36","1.63"
"OIL","424.00","428.35","423.05","423.45","423.80","-","0.35","0.08","12,40,551","52.76","767.90","325.00","-1.67","-36.29"
"IEX","137.37","139.13","135.90","137.90","138.00","-","0.10","0.07","1,09,17,993","150.71","244.40","130.26","-33.11","-28.99"
"INFIBEAM","15.05","15.24","15.00","15.05","15.06","-","0.01","0.07","40,88,178","6.17","29.73","13.62","-9.35","-53.81"
"SHOPERSTOP","524.00","532.00","520.05","521.25","521.60","-","0.35","0.07","13,381","0.71","943.40","467.15","2.50","-31.47"
"NAUKRI","1,332.00","1,352.50","1,311.20","1,320.60","1,321.40","-","0.80","0.06","20,51,386","271.93","1,825.78","1,157.00","-3.93","-81.60"
"SANOFICONR","5,201.30","5,223.30","5,100.10","5,186.70","5,190.00","-","3.30","0.06","1,284","0.66","5,894.50","4,211.55","-0.99","-"
"FLUOROCHEM","3,415.00","3,445.10","3,389.00","3,425.40","3,427.10","-","1.70","0.05","61,867","21.13","4,880.95","3,105.10","1.56","1.26"
"GARFIBRES","822.60","835.20","813.50","822.60","823.00","-","0.40","0.05","29,390","2.42","986.39","674.20","-9.73","-77.81"
"CEATLTD","3,122.00","3,155.00","3,093.30","3,119.80","3,121.00","-","1.20","0.04","75,459","23.49","4,044.00","2,343.05","-16.28","14.56"
"TIPSMUSIC","587.45","597.50","582.25","583.95","584.20","-","0.25","0.04","90,817","5.37","950.00","551.30","-10.00","-"
"HGINFRA","991.20","1,009.00","986.10","995.50","993.90","-","0.40","0.04","44,974","4.47","1,665.20","928.55","-8.99","-38.52"
"GREENPANEL","273.50","278.90","273.50","274.90","275.00","-","0.10","0.04","53,237","1.47","427.00","202.81","-2.23","-21.86"
"HDFCLIFE","764.75","772.95","758.35","764.75","765.00","-","0.25","0.03","19,96,036","153.03","820.75","584.30","0.95","9.08"
"CHENNPETRO","659.10","668.00","653.90","659.10","659.30","-","0.20","0.03","6,11,792","40.50","1,039.00","433.10","-8.13","-28.49"
"KTKBANK","172.50","172.65","171.70","172.19","172.25","-","0.06","0.03","6,85,602","11.81","243.20","162.20","-9.55","-21.98"
"GOPAL","362.90","375.70","362.00","362.90","363.00","-","0.10","0.03","2,11,939","7.84","520.00","255.90","3.63","6.57"
"JCHAC","1,718.90","1,735.00","1,715.50","1,718.90","1,719.50","-","0.60","0.03","15,676","2.70","2,620.10","1,600.65","0.06","-13.89"
"RAYMOND","614.00","628.00","611.50","611.90","612.00","-","0.10","0.02","2,69,947","16.71","2,182.00","523.10","-11.95","-67.60"
"NUVAMA","6,845.50","6,967.00","6,806.50","6,839.00","6,839.50","-","0.50","0.01","85,228","58.69","8,508.50","4,735.45","-6.35","11.42"
"ICICIGI","1,900.00","1,913.80","1,887.00","1,901.70","1,901.90","-","0.20","0.01","2,33,350","44.41","2,301.90","1,613.70","-5.43","-2.49"
"UTIAMC","1,335.20","1,344.20","1,322.20","1,331.90","1,332.00","-","0.10","0.01","53,154","7.09","1,494.80","905.00","-4.23","31.16"
"TIRUMALCHM","282.10","288.00","282.10","285.10","285.10","-","-","-","3,10,340","8.85","394.95","201.27","-1.49","-14.86"
"MANKIND","2,435.60","2,464.90","2,410.00","2,437.50","2,437.00","-","-0.50","-0.02","7,08,892","172.88","3,054.80","2,096.40","-5.72","12.95"
"OBEROIRLTY","1,619.00","1,631.00","1,598.70","1,610.70","1,610.30","-","-0.40","-0.02","3,09,489","50.01","2,343.65","1,451.95","-12.07","-11.04"
"TCS","3,041.00","3,096.40","3,026.90","3,040.80","3,039.80","-","-1.00","-0.03","33,58,232","1,026.74","4,592.25","2,991.60","-7.06","-27.65"
"PNB","106.86","107.25","106.07","106.54","106.51","-","-0.03","-0.03","1,20,72,884","128.81","117.98","85.46","-3.23","-6.94"
"LTF","198.00","200.18","195.40","197.95","197.90","-","-0.05","-0.03","32,83,444","65.04","214.80","129.20","-3.33","17.71"
"IIFLCAPS","307.85","314.45","301.95","305.75","305.65","-","-0.10","-0.03","4,24,114","13.04","448.95","180.00","-7.96","-"
"SUNDARMFIN","4,515.00","4,549.80","4,475.60","4,511.20","4,510.00","-","-1.20","-0.03","22,737","10.24","5,535.85","3,732.90","-9.83","15.64"
"TATAPOWER","384.10","388.95","383.50","384.30","384.10","-","-0.20","-0.05","25,75,426","99.38","494.85","326.35","-3.12","-8.06"
"OLAELEC","40.00","40.50","39.70","39.84","39.82","-","-0.02","-0.05","1,98,20,124","79.18","157.40","39.60","0.05","-63.61"
"GLAND","1,943.00","1,967.00","1,914.70","1,936.30","1,935.30","-","-1.00","-0.05","2,08,466","40.29","2,131.00","1,277.80","4.00","-5.13"
"CGCL","183.60","185.86","181.05","183.50","183.40","-","-0.10","-0.05","19,47,660","35.66","231.35","150.51","3.73","-11.09"
"SCHAEFFLER","3,902.00","3,920.10","3,856.10","3,870.20","3,868.10","-","-2.10","-0.05","30,223","11.74","4,374.90","2,823.00","-6.86","-3.88"
"JAICORPLTD","108.80","109.57","107.81","108.58","108.53","-","-0.05","-0.05","2,25,105","2.45","406.65","81.49","-1.43","-68.80"
"MAXHEALTH","1,268.00","1,276.40","1,256.00","1,263.30","1,262.50","-","-0.80","-0.06","7,40,292","93.65","1,314.30","836.60","3.40","44.79"
"ZYDUSLIFE","955.55","969.00","948.00","955.55","955.00","-","-0.55","-0.06","9,12,710","87.40","1,298.00","795.00","-2.44","-23.57"
"MOIL","325.15","325.75","320.55","325.20","325.00","-","-0.20","-0.06","5,07,479","16.42","440.20","274.05","-12.16","-25.06"
"ETHOSLTD","2,950.00","2,950.00","2,750.00","2,776.60","2,775.00","-","-1.60","-0.06","29,003","8.10","3,389.38","1,923.08","2.72","-14.62"
"DRREDDY","1,210.00","1,227.20","1,204.10","1,219.50","1,218.70","-","-0.80","-0.07","9,22,461","112.26","1,421.49","1,020.00","-2.74","-82.28"
"NESCO","1,377.90","1,382.00","1,350.00","1,374.90","1,373.90","-","-1.00","-0.07","66,303","9.07","1,428.80","842.60","14.45","50.13"
"APOLLOHOSP","7,259.00","7,285.00","7,205.00","7,259.00","7,253.00","-","-6.00","-0.08","3,42,006","248.08","7,635.00","6,001.00","0.65","11.29"
"GRWRHITECH","2,843.90","2,897.00","2,802.40","2,842.30","2,840.00","-","-2.30","-0.08","62,785","17.92","5,378.10","2,317.35","-20.73","-8.24"
"TRITURBINE","521.80","523.60","513.35","520.95","520.50","-","-0.45","-0.09","20,25,447","104.75","885.00","460.30","-19.90","-26.40"
"ZFCVINDIA","13,804.00","13,849.00","13,650.00","13,805.00","13,792.00","-","-13.00","-0.09","4,532","6.23","17,300.00","9,561.00","6.25","-11.17"
"SBCL","502.45","507.95","497.95","502.45","502.00","-","-0.45","-0.09","31,655","1.60","729.80","342.00","-6.11","-13.77"
"VOLTAS","1,229.90","1,259.90","1,229.00","1,245.20","1,244.00","-","-1.20","-0.10","8,39,568","104.62","1,944.90","1,135.00","-9.09","-21.33"
"FSL","364.20","371.80","363.50","366.25","365.90","-","-0.35","-0.10","5,89,878","21.66","422.30","270.00","3.63","28.40"
"YESBANK","18.82","18.88","18.69","18.77","18.75","-","-0.02","-0.11","3,13,06,357","58.82","25.10","16.02","-4.78","-23.34"
"JUSTDIAL","830.80","834.60","823.70","830.90","829.95","-","-0.95","-0.11","84,752","7.04","1,395.00","751.80","-11.94","-36.10"
"BIKAJI","722.60","730.95","719.05","721.95","721.05","-","-0.90","-0.12","1,05,462","7.64","1,007.95","558.80","-1.05","-16.44"
"GANESHHOUC","861.20","874.80","855.10","859.00","858.00","-","-1.00","-0.12","41,314","3.56","1,485.00","775.55","-13.73","-2.39"
"INNOVACAP","905.05","913.90","888.00","901.05","900.00","-","-1.05","-0.12","30,055","2.71","1,260.00","592.60","4.07","50.55"
"WIPRO","242.70","246.29","241.10","241.62","241.30","-","-0.32","-0.13","81,01,435","197.14","324.60","228.00","-6.42","-50.57"
"POWERGRID","284.40","287.55","284.00","284.85","284.45","-","-0.40","-0.14","1,31,84,438","376.27","366.25","247.30","-4.66","-16.56"
"LUPIN","1,937.60","1,960.70","1,932.00","1,944.80","1,942.00","-","-2.80","-0.14","10,91,418","212.35","2,402.90","1,795.20","2.59","-7.33"
"GODREJCP","1,200.00","1,208.80","1,189.40","1,200.00","1,198.30","-","-1.70","-0.14","11,19,857","134.31","1,541.85","979.50","-6.58","-13.79"
"JWL","331.35","333.00","328.00","330.50","330.00","-","-0.50","-0.15","5,84,877","19.35","588.00","270.05","-11.06","-42.00"
"LINDEINDIA","6,180.00","6,342.00","6,180.00","6,219.50","6,210.00","-","-9.50","-0.15","12,485","7.82","8,780.00","5,242.40","-8.54","-18.57"
"FDC","484.80","487.05","480.85","484.80","484.05","-","-0.75","-0.15","55,950","2.71","658.85","366.25","-3.43","-1.42"
"SUZLON","64.20","64.95","62.57","63.32","63.22","-","-0.10","-0.16","9,81,99,194","624.65","86.04","46.15","-4.23","-21.44"
"INDUSINDBK","784.05","791.35","780.80","783.25","782.00","-","-1.25","-0.16","14,62,522","114.90","1,498.00","606.00","-8.83","-42.03"
"SYMPHONY","973.60","973.60","956.20","961.60","960.10","-","-1.50","-0.16","36,405","3.50","1,880.95","939.00","-16.61","-41.54"
"INFY","1,428.20","1,441.00","1,421.00","1,428.20","1,425.80","-","-2.40","-0.17","98,99,184","1,416.65","2,006.45","1,307.00","-10.71","-20.77"
"CARBORUNIV","858.30","879.50","837.85","849.25","847.80","-","-1.45","-0.17","1,71,391","14.67","1,667.00","809.10","-12.87","-45.43"
"ASAHIINDIA","818.00","828.90","814.10","820.30","818.90","-","-1.40","-0.17","34,393","2.83","876.40","576.80","-3.95","29.44"
"ITC","417.00","419.80","415.30","416.85","416.10","-","-0.75","-0.18","1,36,35,738","569.20","528.50","390.15","-0.11","-15.82"
"LAURUSLABS","834.00","840.60","810.05","831.50","830.00","-","-1.50","-0.18","18,63,616","153.91","922.50","417.70","5.16","94.97"
"GVT&D","2,824.00","2,824.00","2,775.20","2,800.00","2,795.00","-","-5.00","-0.18","4,82,036","134.98","2,915.00","1,254.00","20.00","-"
"PPLPHARMA","190.24","191.24","188.60","189.94","189.60","-","-0.34","-0.18","24,51,853","46.51","307.90","181.50","-5.76","1.92"
"SAFARI","2,026.00","2,033.30","2,010.40","2,026.30","2,022.60","-","-3.70","-0.18","48,671","9.83","2,744.70","1,670.15","-8.92","-15.37"
"MOTHERSON","91.31","91.75","90.10","90.77","90.60","-","-0.17","-0.19","77,12,576","70.16","144.66","71.50","-40.12","-52.04"
"MANINFRA","164.16","166.59","163.95","164.51","164.20","-","-0.31","-0.19","1,63,197","2.69","262.80","135.10","-10.07","-13.44"
"ALLCARGO","35.12","36.24","35.11","35.63","35.56","-","-0.07","-0.20","21,75,441","7.79","74.49","26.39","5.53","-41.19"
"BAJAJHFL","112.70","113.60","112.00","112.74","112.50","-","-0.24","-0.21","27,87,190","31.46","188.50","103.10","-6.94","-"
"TEGA","1,815.90","1,826.20","1,793.80","1,815.90","1,812.00","-","-3.90","-0.21","82,126","14.87","2,328.90","1,200.05","6.88","3.22"
"CROMPTON","317.85","321.65","315.20","317.85","317.15","-","-0.70","-0.22","18,90,781","60.07","484.00","301.00","-5.45","-26.45"
"ECLERX","4,102.00","4,115.00","4,046.00","4,108.90","4,100.00","-","-8.90","-0.22","46,931","19.17","4,200.00","2,168.00","17.61","60.18"
"PAISALO","30.36","30.55","30.05","30.22","30.15","-","-0.07","-0.23","21,22,999","6.43","68.89","29.38","-1.99","-53.22"
"JSFB","465.00","465.00","455.55","461.05","460.00","-","-1.05","-0.23","1,13,219","5.20","619.70","363.80","-6.21","-22.17"
"UBL","1,915.00","1,939.90","1,905.30","1,919.00","1,914.30","-","-4.70","-0.24","3,77,666","72.60","2,299.70","1,810.00","-2.05","-0.11"
"EICHERMOT","5,679.50","5,694.00","5,643.00","5,671.50","5,657.50","-","-14.00","-0.25","4,29,572","243.29","5,906.50","4,508.75","0.81","17.66"
"JIOFIN","327.95","331.70","326.55","327.75","326.90","-","-0.85","-0.26","1,00,94,423","331.95","363.00","198.65","0.37","-0.65"
"NATIONALUM","187.07","189.69","186.10","187.07","186.59","-","-0.48","-0.26","55,19,491","103.60","262.99","137.75","-1.57","7.07"
"BALKRISIND","2,429.00","2,429.00","2,381.30","2,416.20","2,410.00","-","-6.20","-0.26","1,17,087","28.19","3,155.80","2,152.05","-9.18","-15.22"
"ENTERO","1,200.00","1,258.00","1,173.10","1,185.10","1,182.00","-","-3.10","-0.26","1,43,574","17.23","1,584.25","1,080.00","-7.05","-4.37"
"INDIANB","676.55","676.55","669.70","674.00","672.20","-","-1.80","-0.27","8,97,642","60.42","677.00","473.90","6.32","20.25"
"TVSSCS","134.00","135.60","131.05","132.66","132.30","-","-0.36","-0.27","9,49,834","12.65","217.58","107.40","-1.24","-30.46"
"BOSCHLTD","39,000.00","39,010.00","38,540.00","38,710.00","38,600.00","-","-110.00","-0.28","20,383","79.04","41,290.00","25,921.60","5.71","22.19"
"ICICIBANK","1,431.00","1,433.80","1,420.10","1,436.60","1,421.40","-","-4.20","-0.29","59,13,947","842.80","1,500.00","1,153.00","0.01","21.25"
"SBIN","824.95","825.50","820.00","823.45","821.10","-","-2.35","-0.29","79,86,728","657.37","875.45","680.00","1.48","0.98"
"DEVYANI","153.96","157.14","152.25","153.43","152.99","-","-0.44","-0.29","27,90,097","43.12","222.74","134.00","-9.37","-10.50"
"ALKYLAMINE","2,089.00","2,098.00","2,060.00","2,081.60","2,075.30","-","-6.30","-0.30","24,395","5.07","2,498.85","1,508.00","-7.20","0.83"
"ADVENZYMES","301.50","305.40","298.10","299.95","299.05","-","-0.90","-0.30","1,67,980","5.06","571.00","257.90","-9.82","-25.77"
"PAYTM","1,126.00","1,136.00","1,094.00","1,122.00","1,118.50","-","-3.50","-0.31","61,54,928","686.55","1,136.00","499.45","17.75","117.64"
"AXISBANK","1,071.10","1,076.60","1,066.30","1,073.30","1,070.00","-","-3.30","-0.31","45,73,025","489.75","1,281.65","933.50","-8.84","-8.10"
"UNITDSPR","1,304.40","1,307.40","1,290.50","1,302.20","1,298.00","-","-4.20","-0.32","6,42,530","83.44","1,700.00","1,271.10","-4.40","-8.48"
"VARROC","520.20","521.95","515.90","522.35","520.65","-","-1.70","-0.33","87,399","4.54","649.00","374.10","-7.37","-5.34"
"CIEINDIA","397.30","400.95","394.20","397.30","396.00","-","-1.30","-0.33","57,450","2.28","602.85","356.75","-8.18","-27.15"
"TATATECH","664.00","669.80","657.20","660.10","657.85","-","-2.25","-0.34","6,71,972","44.58","1,136.00","597.00","-7.00","-33.62"
"ISGEC","1,060.40","1,067.20","1,041.70","1,051.00","1,047.40","-","-3.60","-0.34","17,505","1.84","1,675.55","842.40","-11.39","-24.60"
"AFFLE","1,975.00","2,005.00","1,954.00","1,982.00","1,975.00","-","-7.00","-0.35","1,95,861","38.74","2,080.00","1,246.00","-0.38","26.80"
"LICHSGFIN","575.00","575.50","572.00","574.30","572.30","-","-2.00","-0.35","6,16,119","35.35","735.55","483.70","-5.21","-11.37"
"AADHARHFC","508.90","509.30","501.55","506.75","505.00","-","-1.75","-0.35","3,46,873","17.53","537.50","346.05","12.07","20.02"
"SBILIFE","1,849.70","1,863.90","1,834.00","1,851.00","1,844.30","-","-6.70","-0.36","6,27,624","115.84","1,936.00","1,372.55","0.15","7.80"
"SBFC","102.19","105.00","101.56","102.36","101.99","-","-0.37","-0.36","14,59,122","15.08","120.50","77.61","-14.00","25.47"
"NETWORK18","56.28","56.90","55.76","56.10","55.90","-","-0.20","-0.36","26,50,238","14.90","106.00","39.66","2.52","-41.96"
"SAMHI","220.84","221.29","216.10","218.95","218.17","-","-0.78","-0.36","4,50,432","9.88","254.50","121.10","-5.73","15.73"
"SPARC","142.65","143.80","141.10","142.41","141.90","-","-0.51","-0.36","1,25,329","1.78","241.00","109.30","-10.95","-34.04"
"ASIANPAINT","2,489.10","2,502.80","2,474.00","2,489.10","2,479.80","-","-9.30","-0.37","6,08,984","151.53","3,394.90","2,124.75","1.60","-18.83"
"RECLTD","388.00","389.65","384.75","387.30","385.85","-","-1.45","-0.37","38,70,319","149.89","636.00","357.35","-3.89","-33.41"
"EXIDEIND","378.05","379.25","374.90","377.65","376.25","-","-1.40","-0.37","17,47,236","65.92","534.40","328.00","-1.12","-24.58"
"APLAPOLLO","1,589.40","1,596.10","1,565.50","1,587.90","1,582.00","-","-5.90","-0.37","2,91,430","46.01","1,936.00","1,272.70","-7.02","10.43"
"CAPLIPOINT","2,100.00","2,142.70","2,088.00","2,107.70","2,099.90","-","-7.80","-0.37","71,021","15.01","2,641.00","1,514.30","3.61","34.65"
"JUBLINGREA","696.00","702.95","689.10","696.65","694.05","-","-2.60","-0.37","1,09,788","7.64","885.00","535.20","-13.70","-0.09"
"RELIANCE","1,381.90","1,401.90","1,375.20","1,386.20","1,381.00","-","-5.20","-0.38","1,22,44,664","1,698.03","1,551.00","1,114.85","-7.68","-52.75"
"SANOFI","5,113.00","5,165.00","5,075.00","5,109.50","5,090.00","-","-19.50","-0.38","9,881","5.05","7,600.00","4,902.00","-13.84","-24.40"
"BHARTIARTL","1,857.40","1,865.00","1,847.10","1,857.40","1,850.20","-","-7.20","-0.39","46,45,011","861.09","2,045.80","1,445.00","-3.73","26.85"
"JSWENERGY","534.60","539.40","531.10","535.10","533.00","-","-2.10","-0.39","15,82,468","84.66","804.90","418.75","1.80","-22.63"
"BSOFT","375.15","379.55","369.30","373.30","371.85","-","-1.45","-0.39","9,62,898","36.03","689.15","331.00","-11.41","-36.80"
"SIGNATURE","1,119.90","1,122.40","1,106.00","1,110.30","1,106.00","-","-4.30","-0.39","2,29,301","25.53","1,647.00","1,010.80","-11.55","-23.61"
"JBCHEPHARM","1,711.10","1,719.10","1,690.00","1,711.10","1,704.50","-","-6.60","-0.39","85,064","14.48","2,030.00","1,385.75","5.92","-12.42"
"ORISSAMINE","4,713.60","4,780.00","4,695.00","4,713.60","4,695.00","-","-18.60","-0.39","3,396","1.61","9,721.05","4,310.00","0.21","-34.13"
"AIAENG","3,120.20","3,145.60","3,080.00","3,112.70","3,100.10","-","-12.60","-0.40","39,362","12.21","4,949.95","3,025.00","-7.70","-35.58"
"SPANDANA","245.05","250.50","244.10","247.00","246.00","-","-1.00","-0.40","1,08,352","2.69","607.62","183.81","-12.52","-59.46"
"GRASIM","2,757.00","2,761.90","2,705.10","2,758.90","2,737.60","-","-11.30","-0.41","5,53,341","151.12","2,896.00","2,276.95","-0.78","6.58"
"TATAINVEST","6,926.50","6,937.00","6,843.00","6,898.50","6,870.00","-","-28.50","-0.41","26,036","17.92","8,074.25","5,145.15","4.30","14.97"
"MAZDOCK","2,697.30","2,727.70","2,648.00","2,697.30","2,686.00","-","-11.30","-0.42","12,91,654","348.14","3,775.00","1,918.05","-15.24","-45.77"
"FEDERALBNK","197.00","197.25","195.57","196.69","195.87","-","-0.82","-0.42","52,18,014","102.35","220.00","172.66","-5.50","-2.61"
"RENUKA","28.58","28.90","28.20","28.42","28.30","-","-0.12","-0.42","19,14,712","5.45","56.50","24.71","-13.18","-38.80"
"DIVISLAB","5,992.00","6,015.00","5,947.00","5,992.00","5,966.00","-","-26.00","-0.43","4,77,759","285.91","7,071.50","4,615.55","-12.79","21.88"
"VENTIVE","740.15","751.30","732.00","740.15","737.00","-","-3.15","-0.43","31,441","2.32","840.00","523.40","-6.36","-"
"CUB","209.00","210.88","207.76","209.09","208.17","-","-0.92","-0.44","10,66,090","22.26","232.55","142.91","-0.69","26.60"
"IRCTC","724.00","728.05","720.00","723.30","720.15","-","-3.15","-0.44","2,75,269","19.94","957.10","656.00","-6.87","-22.05"
"RITES","252.00","253.50","247.30","250.30","247.90","-","-1.10","-0.44","3,52,700","8.85","384.00","192.40","-10.55","-63.16"
"AIIL","2,890.00","2,895.00","2,853.60","2,877.60","2,864.70","-","-12.90","-0.45","1,20,686","34.76","2,904.00","1,305.05","9.54","97.92"
"APLLTD","945.05","955.00","940.20","949.50","945.00","-","-4.50","-0.47","31,337","2.97","1,303.90","725.20","-2.98","-14.70"
"VMART","760.70","761.15","733.15","756.70","752.90","-","-3.80","-0.50","71,776","5.36","1,130.00","676.04","-2.10","-79.78"
"HINDPETRO","414.90","414.90","406.80","410.35","408.25","-","-2.10","-0.51","45,26,566","185.18","457.15","287.55","-6.39","7.47"
"INOXWIND","142.45","142.50","139.41","141.71","140.99","-","-0.72","-0.51","97,69,604","137.27","259.31","129.03","-20.13","-32.51"
"ADANIENSOL","793.00","801.15","784.30","792.00","788.00","-","-4.00","-0.51","6,58,384","52.23","1,138.00","588.00","-9.99","-25.99"
"ANANTRAJ","539.60","544.00","535.20","538.75","536.00","-","-2.75","-0.51","5,27,929","28.49","947.90","376.15","-4.43","4.32"
"ROUTE","871.40","878.10","860.30","867.40","863.00","-","-4.40","-0.51","42,659","3.72","1,707.00","856.20","-12.78","-44.06"
"AMBUJACEM","591.65","591.65","585.55","588.85","585.80","-","-3.05","-0.52","10,53,756","61.91","660.00","453.05","-","-7.60"
"ASHOKLEY","119.53","120.29","118.90","120.02","119.40","-","-0.62","-0.52","41,55,268","49.68","132.33","95.93","-51.53","-52.64"
"CASTROLIND","210.00","211.44","209.40","210.59","209.50","-","-1.09","-0.52","5,96,894","12.55","284.40","162.60","-4.58","-17.75"
"SHYAMMETL","950.10","956.25","943.50","953.15","948.20","-","-4.95","-0.52","89,211","8.47","1,001.00","628.25","11.60","27.83"
"NOCIL","174.75","176.09","171.99","173.74","172.84","-","-0.90","-0.52","1,45,142","2.52","306.55","158.10","-8.74","-41.59"
"SURYAROSNI","321.05","326.00","312.55","320.70","319.00","-","-1.70","-0.53","2,89,393","9.25","371.98","212.55","-3.21","-50.01"
"BANKBARODA","243.60","245.33","242.64","243.97","242.66","-","-1.31","-0.54","57,78,309","140.93","266.95","190.70","2.38","-0.72"
"JSWSTEEL","1,054.80","1,059.90","1,045.60","1,052.70","1,047.00","-","-5.70","-0.54","12,31,299","129.55","1,074.90","880.00","1.06","14.26"
"SAPPHIRE","323.80","325.50","317.95","323.60","321.85","-","-1.75","-0.54","1,28,304","4.12","401.00","275.80","-2.48","-79.76"
"HAL","4,467.00","4,489.60","4,325.00","4,444.90","4,420.00","-","-24.90","-0.56","29,42,539","1,294.45","5,165.00","3,046.05","-9.39","-6.71"
"MEDANTA","1,387.40","1,403.50","1,372.50","1,387.40","1,379.60","-","-7.80","-0.56","2,62,940","36.46","1,456.50","935.50","5.91","27.60"
"TANLA","617.40","624.50","610.05","615.90","612.45","-","-3.45","-0.56","4,88,942","30.06","990.00","409.35","-3.31","-33.50"
"CAMS","3,814.00","3,818.80","3,760.00","3,798.10","3,776.00","-","-22.10","-0.58","2,49,739","94.64","5,367.50","3,031.05","-7.39","-11.55"
"ENGINERSIN","204.75","204.75","200.20","203.03","201.86","-","-1.17","-0.58","12,64,566","25.56","255.45","142.20","-19.34","-11.02"
"EPIGRAL","1,863.00","1,877.90","1,843.10","1,863.00","1,852.20","-","-10.80","-0.58","16,434","3.05","2,406.75","1,502.35","6.53","-6.94"
"BRITANNIA","5,390.50","5,390.50","5,317.50","5,381.50","5,350.00","-","-31.50","-0.59","3,23,204","172.63","6,469.90","4,506.00","-7.30","-5.45"
"KFINTECH","1,098.00","1,112.00","1,082.30","1,091.40","1,085.00","-","-6.40","-0.59","8,31,097","91.01","1,641.35","784.15","-14.67","6.39"
"ZYDUSWELL","1,941.60","1,961.60","1,927.00","1,941.50","1,930.00","-","-11.50","-0.59","17,797","3.47","2,335.05","1,493.20","-3.85","-16.17"
"HONAUT","36,005.00","36,195.00","35,300.00","35,915.00","35,700.00","-","-215.00","-0.60","2,866","10.29","53,072.40","31,025.00","-11.74","-30.24"
"WAAREEENER","3,117.70","3,190.90","3,075.00","3,112.10","3,093.00","-","-19.10","-0.61","14,35,395","451.02","3,743.00","1,863.00","-0.88","-"
"COLPAL","2,210.00","2,232.90","2,196.60","2,212.40","2,198.80","-","-13.60","-0.61","2,66,482","58.85","3,890.00","2,194.00","-7.34","-36.37"
"INDIAMART","2,540.00","2,585.80","2,511.90","2,540.60","2,525.00","-","-15.60","-0.61","70,842","18.00","3,176.00","1,900.10","-3.20","-8.56"
"VIPIND","414.70","422.00","411.30","414.80","412.25","-","-2.55","-0.61","2,20,059","9.17","589.75","248.35","-9.55","-7.16"
"FIEMIND","1,823.30","1,834.00","1,802.50","1,813.80","1,802.50","-","-11.30","-0.62","17,997","3.27","2,055.00","1,255.10","-5.45","38.88"
"NAM-INDIA","809.10","818.15","794.00","805.95","800.90","-","-5.05","-0.63","9,29,859","74.85","876.70","498.05","-0.71","24.89"
"HIKAL","270.00","275.55","264.60","269.55","267.85","-","-1.70","-0.63","3,77,292","10.15","464.75","264.60","-21.23","-17.50"
"ENDURANCE","2,537.50","2,579.20","2,497.10","2,520.80","2,505.00","-","-15.80","-0.63","36,969","9.38","3,030.00","1,675.00","-4.31","-1.52"
"TVSMOTOR","2,994.40","3,000.00","2,955.50","2,981.20","2,962.00","-","-19.20","-0.64","6,12,973","182.47","3,024.20","2,171.40","7.60","14.97"
"KEC","803.00","809.45","793.00","800.15","795.00","-","-5.15","-0.64","2,26,241","18.09","1,313.25","627.45","-7.81","-3.69"
"NSLNISP","36.05","36.93","35.60","36.08","35.85","-","-0.23","-0.64","18,53,492","6.71","56.25","32.13","-9.95","-34.26"
"AARTIIND","376.20","377.65","370.30","374.90","372.45","-","-2.45","-0.65","12,41,922","46.33","765.00","344.20","-15.63","-49.36"
"LLOYDSME","1,392.00","1,421.00","1,375.10","1,389.90","1,380.90","-","-9.00","-0.65","1,96,482","27.51","1,612.00","726.20","-7.26","81.82"
"IIFL","454.00","462.25","446.85","450.10","447.15","-","-2.95","-0.66","9,13,298","41.39","560.60","279.80","-13.54","7.22"
"UPL","693.70","696.00","686.05","693.70","689.05","-","-4.65","-0.67","14,49,415","100.06","735.85","484.90","5.49","21.86"
"BLUESTARCO","1,761.90","1,775.00","1,709.50","1,761.90","1,750.00","-","-11.90","-0.68","4,07,025","70.69","2,417.00","1,521.00","-3.01","7.91"
"CONCOR","545.00","548.70","540.10","545.30","541.60","-","-3.70","-0.68","12,47,870","67.87","801.00","481.00","-11.94","-44.75"
"IRCON","168.00","169.20","166.70","168.50","167.35","-","-1.15","-0.68","15,08,311","25.28","277.00","134.24","-12.58","-38.57"
"KSB","799.60","800.75","785.50","795.40","790.00","-","-5.40","-0.68","38,721","3.07","958.00","582.25","-10.14","-14.05"
"NCC","223.77","224.50","221.27","223.77","222.19","-","-1.58","-0.71","12,78,810","28.51","330.80","170.05","0.47","-30.83"
"ZAGGLE","376.50","380.50","371.30","375.70","373.00","-","-2.70","-0.72","1,87,320","7.03","591.90","298.65","-9.96","3.06"
"KAYNES","5,852.00","5,915.50","5,790.50","5,851.00","5,808.50","-","-42.50","-0.73","2,19,706","128.50","7,822.00","3,825.15","-3.16","35.11"
"LODHA","1,225.00","1,233.50","1,210.90","1,224.90","1,216.00","-","-8.90","-0.73","6,73,722","82.11","1,531.00","1,035.15","-13.28","-6.46"
"GAEL","103.97","104.69","103.11","103.97","103.20","-","-0.77","-0.74","2,08,597","2.16","151.91","98.72","-6.31","-19.99"
"RAIN","158.60","160.47","156.57","158.04","156.85","-","-1.19","-0.75","9,86,082","15.62","197.00","117.06","7.57","-0.62"
"JISLJALEQS","46.89","46.89","46.20","46.65","46.30","-","-0.35","-0.75","10,14,367","4.72","83.40","45.10","-15.35","-31.22"
"CERA","6,440.00","6,440.00","6,334.00","6,388.00","6,340.00","-","-48.00","-0.75","6,174","3.94","10,699.00","5,060.05","-4.76","-38.27"
"NAVA","628.95","631.00","614.95","625.85","621.10","-","-4.75","-0.76","3,10,740","19.34","673.90","356.05","5.35","-32.70"
"BIRLACORPN","1,305.00","1,333.90","1,272.20","1,289.60","1,279.80","-","-9.80","-0.76","1,11,315","14.56","1,535.30","910.25","-5.69","-0.45"
"RHIM","490.05","513.00","484.35","490.30","486.50","-","-3.80","-0.78","8,48,790","42.49","672.00","376.45","2.46","-17.38"
"SOBHA","1,526.40","1,530.00","1,488.00","1,513.30","1,501.50","-","-11.80","-0.78","87,519","13.21","2,070.00","1,075.30","0.55","-11.53"
"VGUARD","365.00","365.00","355.35","362.85","360.00","-","-2.85","-0.79","1,35,390","4.86","577.45","300.00","-8.73","-28.57"
"EIEL","245.00","251.60","240.90","244.75","242.80","-","-1.95","-0.80","38,53,393","95.16","391.60","182.00","-12.12","-"
"POLYPLEX","1,139.10","1,151.00","1,115.00","1,141.20","1,132.10","-","-9.10","-0.80","52,481","5.94","1,478.70","1,020.10","-1.01","-4.89"
"AFCONS","425.00","426.00","415.60","424.90","421.45","-","-3.45","-0.81","10,96,291","46.07","570.00","390.00","-0.60","-"
"MOTILALOFS","920.30","923.95","907.30","918.55","911.10","-","-7.45","-0.81","4,39,883","40.36","1,064.00","513.00","-2.47","51.61"
"GRAVITA","1,790.00","1,807.20","1,775.00","1,796.00","1,781.50","-","-14.50","-0.81","1,21,503","21.69","2,700.00","1,379.65","2.48","-0.01"
"FINCABLES","849.40","857.05","835.95","845.90","839.00","-","-6.90","-0.82","2,70,478","22.85","1,559.00","780.00","-11.86","-42.10"
"MASTEK","2,532.00","2,575.00","2,505.00","2,526.90","2,506.10","-","-20.80","-0.82","66,415","16.90","3,375.00","1,887.00","-0.20","-10.95"
"FINEORG","4,900.00","4,939.50","4,810.00","4,890.00","4,850.00","-","-40.00","-0.82","9,783","4.75","5,698.00","3,407.00","-5.87","-10.64"
"KOTAKBANK","1,975.00","1,985.90","1,956.40","1,975.90","1,959.40","-","-16.50","-0.84","15,77,824","310.30","2,301.90","1,679.05","-11.78","10.52"
"PFC","419.00","424.90","414.55","418.80","415.30","-","-3.50","-0.84","64,29,327","269.17","566.40","357.25","-3.54","-16.30"
"ADANIPORTS","1,342.00","1,349.60","1,328.20","1,339.40","1,328.20","-","-11.20","-0.84","12,60,241","168.67","1,524.25","995.65","-7.07","-11.38"
"FIVESTAR","579.00","582.00","571.00","576.85","572.00","-","-4.85","-0.84","5,03,800","28.89","943.75","570.00","-25.73","-17.49"
"HDFCAMC","5,536.00","5,580.00","5,445.50","5,501.00","5,454.00","-","-47.00","-0.85","4,63,947","255.38","5,725.00","3,563.05","6.84","29.89"
"IDFCFIRSTB","69.90","70.20","69.00","69.68","69.09","-","-0.59","-0.85","1,01,67,500","70.70","78.45","52.46","-8.20","-3.80"
"SHREECEM","30,640.00","30,700.00","30,355.00","30,640.00","30,380.00","-","-260.00","-0.85","19,839","60.47","32,490.00","23,500.00","-2.56","24.59"
"POWERINDIA","20,900.00","21,800.00","20,530.00","20,840.00","20,660.00","-","-180.00","-0.86","2,15,564","457.66","21,800.00","8,801.00","11.44","79.73"
"AKZOINDIA","3,441.00","3,443.80","3,383.20","3,452.80","3,423.00","-","-29.80","-0.86","32,576","11.13","4,674.00","3,022.00","-5.97","3.40"
"JKPAPER","353.15","354.40","348.65","353.15","350.10","-","-3.05","-0.86","98,619","3.46","523.35","275.75","-10.56","-28.57"
"BHARTIHEXA","1,756.20","1,768.40","1,729.90","1,756.20","1,741.00","-","-15.20","-0.87","1,04,819","18.33","2,052.90","1,101.00","-2.23","52.43"
"ABFRL","74.65","75.11","73.80","74.65","74.00","-","-0.65","-0.87","15,53,493","11.58","364.40","70.55","-3.68","-77.00"
"SHRIPISTON","2,448.80","2,451.20","2,391.30","2,444.20","2,422.30","-","-21.90","-0.90","33,578","8.13","2,610.00","1,662.55","1.01","27.62"
"TEAMLEASE","1,729.90","1,760.20","1,703.00","1,725.50","1,709.80","-","-15.70","-0.91","35,435","6.12","3,302.95","1,641.20","-11.94","-44.54"
"SBICARD","799.90","803.10","787.25","797.80","790.50","-","-7.30","-0.92","8,69,644","69.15","1,027.25","659.80","-13.52","12.86"
"IMAGICAA","60.56","61.49","59.70","60.56","60.00","-","-0.56","-0.92","5,72,078","3.47","103.25","56.30","-12.61","-36.17"
"BAJAJFINSV","1,925.00","1,934.30","1,904.00","1,922.80","1,905.00","-","-17.80","-0.93","8,99,579","172.45","2,135.00","1,523.25","-5.41","22.39"
"NEWGEN","868.00","886.00","854.30","866.05","858.00","-","-8.05","-0.93","3,70,693","32.21","1,798.90","758.20","-20.94","-17.67"
"IREDA","144.90","145.94","143.30","144.86","143.50","-","-1.36","-0.94","28,99,573","41.95","265.80","137.01","-10.27","-42.05"
"GSFC","205.79","206.90","203.07","205.02","203.10","-","-1.92","-0.94","11,31,884","23.19","246.90","158.30","1.33","-10.65"
"BEL","384.00","385.35","379.55","383.90","380.25","-","-3.65","-0.95","93,29,093","355.90","436.00","240.25","-7.07","26.19"
"GREENPLY","311.95","314.20","307.95","311.05","308.10","-","-2.95","-0.95","47,075","1.47","411.95","245.10","2.68","-17.77"
"HAVELLS","1,480.40","1,482.00","1,452.50","1,474.20","1,460.00","-","-14.20","-0.96","10,76,222","157.52","2,106.00","1,381.30","-4.12","-19.07"
"KARURVYSYA","262.25","262.95","257.50","261.75","259.25","-","-2.50","-0.96","5,87,504","15.28","277.50","185.55","-4.01","21.09"
"WESTLIFE","677.15","681.50","653.80","678.20","671.70","-","-6.50","-0.96","43,917","2.95","957.00","640.70","-13.55","-14.81"
"SHRIRAMFIN","616.00","619.00","611.00","617.60","611.60","-","-6.00","-0.97","27,87,285","171.20","730.45","493.35","-8.43","-79.44"
"3MINDIA","31,450.00","31,450.00","30,510.00","31,305.00","31,000.00","-","-305.00","-0.97","6,426","19.83","38,199.85","25,718.15","4.46","-17.75"
"AUBANK","735.95","741.15","721.80","734.25","727.00","-","-7.25","-0.99","28,28,419","206.79","841.00","478.35","-11.72","18.87"
"MANAPPURAM","256.60","259.00","250.75","256.55","254.00","-","-2.55","-0.99","42,30,260","108.21","284.90","138.35","-3.37","21.02"
"BHARATFORG","1,165.90","1,174.30","1,150.00","1,165.90","1,154.40","-","-11.50","-0.99","5,18,053","60.24","1,647.95","919.10","-5.14","-27.68"
"PNBHOUSING","774.00","777.40","765.00","773.60","765.85","-","-7.75","-1.00","17,00,330","131.04","1,202.20","746.70","-28.76","-8.25"
"GUJGASLTD","432.00","433.15","424.00","429.20","424.90","-","-4.30","-1.00","4,97,973","21.23","689.95","360.25","-8.99","-31.28"
"RELIGARE","254.70","256.00","248.05","254.55","252.00","-","-2.55","-1.00","8,25,258","20.81","320.00","202.52","-7.40","4.65"
"JAIBALAJI","105.00","106.66","103.39","105.11","104.06","-","-1.05","-1.00","4,11,397","4.30","236.00","99.06","-14.11","-"
"HINDALCO","658.00","677.75","657.50","672.85","666.00","-","-6.85","-1.02","1,22,38,878","817.37","772.65","546.45","-0.58","5.99"
"CGPOWER","664.95","665.55","655.50","664.90","658.10","-","-6.80","-1.02","23,37,168","154.03","874.70","517.70","-1.38","-6.70"
"AURIONPRO","1,394.20","1,422.20","1,370.00","1,394.20","1,380.00","-","-14.20","-1.02","44,987","6.27","1,991.75","1,249.05","-14.46","-19.03"
"AMBER","6,947.00","7,012.00","6,818.00","6,912.50","6,841.00","-","-71.50","-1.03","3,69,764","254.65","8,177.00","3,964.00","-8.35","64.54"
"MRF","1,42,170.00","1,42,695.00","1,37,215.00","1,42,170.00","1,40,700.00","-","-1,470.00","-1.03","11,861","166.66","1,53,000.00","1,02,124.05","-5.20","2.37"
"KPIL","1,275.00","1,283.00","1,212.20","1,237.80","1,225.00","-","-12.80","-1.03","8,06,749","100.01","1,449.00","786.30","3.08","-0.78"
"PRSMJOHNSN","142.75","144.74","140.00","143.38","141.89","-","-1.49","-1.04","1,22,648","1.74","246.00","105.30","-10.31","-13.14"
"BEML","3,924.10","3,966.00","3,904.00","3,953.50","3,912.00","-","-41.50","-1.05","2,23,013","87.76","4,874.80","2,350.00","-11.55","-3.46"
"GMRAIRPORT","89.10","89.43","87.57","89.32","88.38","-","-0.94","-1.05","56,37,915","49.85","99.49","67.75","-2.59","-"
"DELHIVERY","469.00","469.20","462.15","467.95","463.00","-","-4.95","-1.06","10,37,660","48.21","470.80","236.53","12.73","14.58"
"CELLO","567.00","568.35","551.95","569.10","563.05","-","-6.05","-1.06","1,09,362","6.13","927.60","494.75","-9.96","-38.04"
"DYNAMATECH","6,732.00","6,732.00","6,515.50","6,738.00","6,666.50","-","-71.50","-1.06","7,864","5.20","8,937.00","5,444.15","-6.43","-3.08"
"JSWHL","17,700.00","18,144.00","17,700.00","17,890.00","17,700.00","-","-190.00","-1.06","1,056","1.90","27,740.00","6,455.00","-","167.78"
"TATAELXSI","5,683.00","5,730.00","5,611.00","5,676.50","5,616.00","-","-60.50","-1.07","92,704","52.49","9,080.00","4,700.00","-7.39","-17.81"
"BAJAJ-AUTO","8,275.50","8,321.50","8,180.00","8,275.00","8,186.00","-","-89.00","-1.08","1,84,529","152.44","12,774.00","7,089.35","1.61","-15.59"
"TATACONSUM","1,055.80","1,062.90","1,045.00","1,059.10","1,047.70","-","-11.40","-1.08","6,51,741","68.62","1,234.30","882.90","-2.79","-10.59"
"VESUVIUS","518.30","530.00","515.00","522.65","517.00","-","-5.65","-1.08","51,622","2.69","646.00","356.13","0.10","-89.76"
"PRESTIGE","1,652.80","1,658.20","1,625.00","1,652.80","1,634.80","-","-18.00","-1.09","2,19,448","35.91","1,972.00","1,048.05","-3.79","-7.69"
"CUMMINSIND","3,794.50","3,808.50","3,750.30","3,792.30","3,750.50","-","-41.80","-1.10","5,66,377","213.90","3,929.00","2,580.00","6.02","0.17"
"MSUMI","38.28","38.48","37.80","38.28","37.86","-","-0.42","-1.10","26,62,088","10.12","48.71","30.72","-40.29","-47.02"
"BORORENEW","595.50","599.25","586.45","594.05","587.50","-","-6.55","-1.10","1,33,224","7.89","659.90","402.80","5.26","15.66"
"CCL","866.65","874.65","857.00","866.65","857.00","-","-9.65","-1.11","72,849","6.30","936.80","525.00","-2.78","31.90"
"AHLUCONT","953.70","967.70","936.80","953.70","943.10","-","-10.60","-1.11","21,182","2.02","1,372.50","620.00","-4.23","-29.62"
"UNOMINDA","1,088.90","1,094.80","1,065.70","1,084.10","1,072.00","-","-12.10","-1.12","3,17,529","34.15","1,255.00","767.60","-0.34","2.33"
"KEI","3,809.00","3,824.50","3,712.20","3,810.40","3,767.20","-","-43.20","-1.13","1,75,427","65.84","4,779.90","2,424.00","4.22","-12.54"
"PTCIL","14,200.00","14,439.00","14,090.00","14,262.00","14,101.00","-","-161.00","-1.13","16,116","22.94","17,995.00","9,756.30","-1.49","-"
"PRUDENT","2,670.00","2,698.00","2,613.30","2,650.60","2,620.00","-","-30.60","-1.15","19,793","5.25","3,735.20","1,570.00","-0.63","11.92"
"RELINFRA","277.00","278.45","267.55","274.95","271.75","-","-3.20","-1.16","9,24,807","25.27","423.40","195.00","-28.27","-"
"DLF","764.60","764.60","752.00","764.95","756.00","-","-8.95","-1.17","27,71,092","210.38","929.00","601.20","-7.08","-9.34"
"NFL","93.50","94.60","91.54","93.10","92.00","-","-1.10","-1.18","14,03,348","13.08","146.25","71.00","-5.20","-33.80"
"SARDAEN","561.80","565.00","548.15","556.65","550.00","-","-6.65","-1.19","8,73,566","48.64","607.75","271.20","21.85","98.67"
"ABCAPITAL","271.50","273.05","267.25","271.20","267.95","-","-3.25","-1.20","16,33,317","44.05","284.00","149.01","-0.52","26.09"
"SFL","661.10","679.90","661.10","672.05","664.00","-","-8.05","-1.20","83,662","5.57","1,058.70","618.75","-2.05","-28.63"
"SHILPAMED","882.00","882.00","848.00","872.75","862.30","-","-10.45","-1.20","44,954","3.90","1,000.00","555.00","-2.96","-"
"TATACHEM","952.40","954.90","940.85","952.40","940.85","-","-11.55","-1.21","2,78,362","26.44","1,247.35","756.00","4.29","-9.84"
"VOLTAMP","8,060.00","8,097.00","7,947.50","8,091.00","7,991.00","-","-100.00","-1.24","15,715","12.56","14,800.00","6,051.00","-17.27","-39.31"
"AVL","423.00","424.80","415.00","420.25","415.00","-","-5.25","-1.25","39,280","1.65","546.60","327.60","17.06","-"
"BSE","2,400.00","2,411.00","2,346.50","2,396.30","2,366.20","-","-30.10","-1.26","25,71,768","610.34","3,030.00","841.67","-0.10","-7.89"
"ITDCEM","774.45","785.00","751.00","768.20","758.50","-","-9.70","-1.26","6,12,147","47.20","944.00","466.60","-12.89","36.15"
"AWL","256.05","256.15","251.65","255.25","252.00","-","-3.25","-1.27","5,23,944","13.29","401.90","231.55","-6.41","-31.56"
"ARVIND","296.00","299.35","292.00","296.05","292.30","-","-3.75","-1.27","3,47,685","10.26","450.00","292.00","-12.97","-26.79"
"FCL","233.95","238.80","226.00","232.35","229.40","-","-2.95","-1.27","3,55,001","8.22","438.95","207.00","-15.78","-37.95"
"AZAD","1,485.90","1,503.40","1,465.00","1,485.90","1,466.70","-","-19.20","-1.29","82,282","12.19","1,929.80","1,159.45","-7.46","-11.41"
"MMTC","62.15","63.19","61.90","62.81","62.00","-","-0.81","-1.29","5,75,802","3.59","108.35","44.50","-8.76","-39.10"
"HDFCBANK","1,991.90","1,996.00","1,967.50","1,995.60","1,969.70","-","-25.90","-1.30","64,68,901","1,279.90","2,037.70","1,601.15","-0.70","18.66"
"INGERRAND","3,647.30","3,689.90","3,583.60","3,647.30","3,600.00","-","-47.30","-1.30","11,854","4.28","4,694.00","3,055.00","-13.42","-9.93"
"LXCHEM","184.50","185.68","182.00","184.49","182.09","-","-2.40","-1.30","1,37,292","2.52","325.50","160.20","-5.38","-34.70"
"ETERNAL","309.40","310.00","304.55","309.40","305.30","-","-4.10","-1.33","2,08,34,370","638.70","314.45","194.80","16.16","-"
"NATCOPHARM","901.05","924.00","871.00","899.80","887.80","-","-12.00","-1.33","14,09,298","126.23","1,639.00","726.80","-7.64","-40.56"
"SONACOMS","446.45","450.55","439.25","445.95","440.00","-","-5.95","-1.33","9,21,533","40.98","768.65","380.00","-1.54","-33.86"
"SWANENERGY","429.70","437.00","423.00","429.75","424.00","-","-5.75","-1.34","9,22,053","39.71","809.80","362.20","-6.25","-37.93"
"IFCI","53.10","53.58","52.41","53.18","52.47","-","-0.71","-1.34","28,92,417","15.35","80.83","36.20","-13.08","-28.88"
"RAMCOCEM","1,080.00","1,086.90","1,047.20","1,070.40","1,056.00","-","-14.40","-1.35","2,93,297","31.18","1,209.00","777.80","-7.13","32.21"
"EMUDHRA","761.20","770.85","751.00","765.25","754.95","-","-10.30","-1.35","31,492","2.39","1,024.00","652.30","-2.06","-6.33"
"NESTLEIND","1,108.00","1,109.60","1,089.00","1,105.00","1,090.00","-","-15.00","-1.36","7,58,197","83.35","1,389.00","1,055.00","-54.60","-55.88"
"EMAMILTD","584.90","585.70","572.60","582.95","575.00","-","-7.95","-1.36","4,05,451","23.43","860.00","507.70","-1.70","-28.59"
"GICRE","400.95","401.05","392.65","399.50","394.05","-","-5.45","-1.36","5,85,291","23.20","525.50","347.00","5.04","-0.86"
"HINDUNILVR","2,518.00","2,536.60","2,480.10","2,518.40","2,484.00","-","-34.40","-1.37","14,06,211","351.29","3,035.00","2,136.00","-1.42","-9.64"
"SUDARSCHEM","1,464.90","1,467.90","1,432.20","1,454.70","1,434.80","-","-19.90","-1.37","63,098","9.14","1,484.00","796.15","17.84","44.14"
"MTARTECH","1,481.90","1,492.10","1,460.00","1,483.20","1,462.80","-","-20.40","-1.38","44,526","6.57","1,860.00","1,155.60","-4.80","-18.37"
"TRENT","5,443.50","5,460.00","5,357.50","5,443.50","5,368.00","-","-75.50","-1.39","4,41,837","238.57","8,345.00","4,488.00","0.03","-15.93"
"IDBI","89.99","90.52","87.83","89.88","88.62","-","-1.26","-1.40","37,56,982","33.46","106.32","65.89","-10.73","-7.74"
"VMM","142.64","144.16","138.00","142.00","140.00","-","-2.00","-1.41","1,96,27,066","277.04","149.17","95.99","4.79","-"
"RCF","147.90","149.29","144.90","147.43","145.35","-","-2.08","-1.41","19,83,268","29.21","207.89","110.80","-4.22","-27.33"
"JKIL","661.05","676.50","655.00","672.55","663.05","-","-9.50","-1.41","2,40,526","16.02","903.95","578.00","-6.22","-22.59"
"SUPRIYA","660.00","665.05","647.70","662.40","653.00","-","-9.40","-1.42","1,11,498","7.31","842.00","460.00","-5.34","27.04"
"IRFC","127.00","127.70","124.90","126.82","125.01","-","-1.81","-1.43","1,13,11,712","142.77","189.45","108.04","-7.58","-32.26"
"INTELLECT","939.40","953.40","921.60","939.40","926.00","-","-13.40","-1.43","3,56,466","33.39","1,255.00","577.40","-19.10","0.31"
"SAREGAMA","485.15","491.95","478.05","486.25","479.30","-","-6.95","-1.43","1,65,188","7.96","688.90","417.40","-2.38","-1.99"
"CLEAN","1,175.40","1,184.90","1,149.00","1,175.00","1,158.00","-","-17.00","-1.45","1,89,566","22.01","1,664.55","1,106.45","-18.71","-29.13"
"RRKABEL","1,227.80","1,237.50","1,204.10","1,227.80","1,210.00","-","-17.80","-1.45","86,437","10.51","1,814.80","853.55","-9.13","-25.51"
"ANGELONE","2,550.60","2,562.20","2,502.00","2,548.10","2,511.00","-","-37.10","-1.46","4,79,858","121.32","3,503.15","1,941.00","-6.42","19.12"
"MAPMYINDIA","1,811.60","1,811.70","1,780.00","1,811.60","1,785.00","-","-26.60","-1.47","36,623","6.58","2,390.00","1,513.00","-0.41","-22.87"
"MEDPLUS","830.00","835.20","804.00","830.80","818.50","-","-12.30","-1.48","2,31,785","18.87","1,045.30","616.00","-6.78","26.49"
"GULFOILLUB","1,174.60","1,180.00","1,156.00","1,173.40","1,156.00","-","-17.40","-1.48","80,855","9.40","1,513.55","911.00","-6.50","-9.99"
"MANYAVAR","750.00","750.00","734.90","747.05","736.00","-","-11.05","-1.48","83,156","6.16","1,512.00","706.30","-7.20","-33.81"
"GRSE","2,559.90","2,568.30","2,486.00","2,544.00","2,506.00","-","-38.00","-1.49","4,91,328","123.67","3,538.40","1,184.90","-10.42","24.91"
"SRF","2,880.00","2,885.00","2,832.20","2,880.00","2,837.00","-","-43.00","-1.49","4,15,408","118.50","3,325.00","2,126.85","-10.57","10.81"
"TRANSRAILL","801.95","803.95","778.40","798.90","787.00","-","-11.90","-1.49","13,47,752","106.37","825.00","394.55","5.62","-"
"GMDCLTD","418.30","427.70","409.05","418.30","412.00","-","-6.30","-1.51","26,71,251","111.66","472.40","226.59","8.94","11.37"
"CDSL","1,565.00","1,575.00","1,540.00","1,564.80","1,541.00","-","-23.80","-1.52","17,06,051","265.27","1,989.80","1,047.45","-8.70","-40.10"
"SEQUENT","176.05","176.96","172.77","176.83","174.13","-","-2.70","-1.53","3,51,344","6.13","240.70","117.35","-5.48","21.35"
"MIDHANI","393.00","393.80","386.25","392.65","386.60","-","-6.05","-1.54","1,82,851","7.12","469.00","226.93","-6.29","-7.99"
"DABUR","510.00","510.95","501.25","510.05","502.00","-","-8.05","-1.58","8,39,972","42.43","672.00","433.30","-5.27","-18.93"
"BAJAJHLDNG","13,902.00","14,109.00","13,755.00","14,047.00","13,824.00","-","-223.00","-1.59","25,155","34.99","14,740.00","9,121.00","0.39","47.27"
"JTLIND","69.10","69.58","67.29","69.09","67.99","-","-1.10","-1.59","5,34,577","3.65","123.75","59.77","-20.20","-68.60"
"STLTECH","127.59","129.50","124.56","127.55","125.50","-","-2.05","-1.61","22,78,481","28.89","141.55","58.86","21.97","-8.36"
"DODLA","1,312.00","1,314.50","1,282.30","1,312.10","1,291.00","-","-21.10","-1.61","20,608","2.68","1,525.00","965.50","-8.95","5.94"
"RAILTEL","353.00","353.70","345.15","352.70","347.00","-","-5.70","-1.62","7,17,869","25.10","516.75","265.50","-15.70","-28.20"
"AVALON","894.75","909.25","876.15","893.40","878.95","-","-14.45","-1.62","1,83,000","16.33","1,073.75","450.65","3.19","87.88"
"INOXINDIA","1,114.00","1,117.80","1,081.50","1,113.70","1,095.50","-","-18.20","-1.63","71,380","7.86","1,288.00","884.20","-11.11","-9.83"
"DIXON","16,088.00","16,120.00","15,801.00","16,088.00","15,823.00","-","-265.00","-1.65","1,64,396","261.54","19,148.90","11,559.90","0.27","35.70"
"TDPOWERSYS","501.90","502.50","492.00","500.25","492.00","-","-8.25","-1.65","3,99,090","19.82","552.75","293.00","1.25","20.60"
"SWIGGY","403.00","403.50","391.65","400.70","394.00","-","-6.70","-1.67","96,40,468","383.32","617.30","297.00","2.12","-"
"ASTRAZEN","8,880.00","8,937.00","8,630.00","8,796.50","8,650.00","-","-146.50","-1.67","9,468","8.31","10,691.00","6,220.00","-6.17","32.68"
"BERGEPAINT","546.15","552.15","533.15","546.10","536.90","-","-9.20","-1.68","5,44,244","29.37","629.50","437.75","-6.14","2.16"
"SAGILITY","44.59","45.00","43.50","44.30","43.55","-","-0.75","-1.69","1,60,33,680","70.93","56.40","27.02","-2.52","-"
"WHIRLPOOL","1,274.10","1,288.80","1,237.00","1,262.00","1,240.60","-","-21.40","-1.70","1,21,014","15.28","2,449.70","899.00","-9.43","-40.65"
"HFCL","73.54","73.84","71.80","73.19","71.94","-","-1.25","-1.71","45,13,554","32.81","171.00","71.60","-11.35","-48.73"
"ARVINDFASN","523.65","524.85","508.15","519.55","509.10","-","-8.85","-1.71","3,74,715","19.33","639.70","320.20","11.69","7.49"
"BLS","390.85","399.15","381.10","390.75","384.00","-","-6.75","-1.73","12,60,084","49.11","521.80","308.25","-0.36","1.21"
"RTNPOWER","12.18","12.18","11.83","12.10","11.89","-","-0.21","-1.74","1,95,38,567","23.45","17.19","8.44","-26.18","-24.49"
"PARKHOTELS","149.79","150.80","144.75","147.96","145.35","-","-2.61","-1.76","8,27,060","12.16","206.20","129.00","-9.88","-20.26"
"KSL","886.90","893.10","865.15","887.30","871.70","-","-15.60","-1.76","20,016","1.76","1,277.00","666.50","-4.45","8.34"
"CANFINHOME","753.80","754.65","738.90","753.95","740.50","-","-13.45","-1.78","1,25,462","9.38","951.75","558.50","-6.46","-9.20"
"ASTRAMICRO","1,003.65","1,004.00","972.95","996.05","978.00","-","-18.05","-1.81","2,46,890","24.31","1,195.90","584.20","-1.20","16.45"
"IDEA","6.60","6.63","6.45","6.60","6.48","-","-0.12","-1.82","31,78,47,247","207.87","16.55","6.29","-9.76","-59.59"
"JKTYRE","322.00","322.25","313.05","319.60","313.70","-","-5.90","-1.85","7,42,242","23.48","453.00","243.00","-13.50","-22.00"
"IONEXCHANG","445.15","452.60","437.00","448.40","439.95","-","-8.45","-1.88","96,289","4.28","744.20","405.00","-19.37","-35.54"
"KPIGREEN","527.00","534.95","513.90","525.45","515.50","-","-9.95","-1.89","7,06,301","36.90","745.33","313.40","-1.23","-"
"ZENTEC","1,437.30","1,440.60","1,400.00","1,430.70","1,403.60","-","-27.10","-1.89","2,24,841","31.80","2,627.00","945.35","-24.53","-18.56"
"VAIBHAVGBL","222.00","223.50","215.00","221.18","216.99","-","-4.19","-1.89","1,62,727","3.55","348.20","195.00","-8.49","-27.49"
"BDL","1,515.00","1,520.40","1,457.10","1,513.90","1,485.00","-","-28.90","-1.91","20,31,259","301.72","2,096.60","890.00","-19.96","10.57"
"POLICYBZR","1,865.00","1,865.00","1,820.10","1,860.60","1,825.00","-","-35.60","-1.91","8,75,077","160.41","2,246.90","1,311.35","1.89","27.98"
"CENTURYPLY","730.00","738.70","719.50","736.10","722.00","-","-14.10","-1.92","46,441","3.37","935.00","631.00","-0.96","0.03"
"GODREJAGRO","801.90","811.65","781.10","800.40","784.95","-","-15.45","-1.93","2,77,985","22.07","876.35","654.00","0.71","-5.21"
"GODFRYPHLP","9,860.00","9,960.00","9,565.50","9,840.50","9,650.00","-","-190.50","-1.94","1,75,190","170.14","11,444.00","4,112.45","14.62","116.67"
"WEBELSOLAR","1,539.90","1,573.00","1,401.60","1,448.30","1,419.70","-","-28.60","-1.97","10,12,557","151.00","1,865.00","769.50","10.24","-"
"SOLARINDS","14,895.00","14,944.00","14,525.00","14,891.00","14,590.00","-","-301.00","-2.02","85,158","124.65","17,820.00","8,482.50","-5.37","43.27"
"NBCC","109.00","109.32","106.53","109.12","106.91","-","-2.21","-2.03","52,94,133","57.05","139.83","70.80","-5.39","-41.24"
"TATACOMM","1,658.50","1,664.00","1,620.10","1,664.90","1,631.00","-","-33.90","-2.04","2,11,374","34.72","2,175.00","1,291.00","-4.95","-13.77"
"EMBDL","92.00","95.90","91.14","95.20","93.25","-","-1.95","-2.05","62,72,151","58.53","163.69","89.22","-21.10","-27.86"
"LTFOODS","465.60","468.00","455.35","467.60","458.00","-","-9.60","-2.05","5,27,269","24.35","518.55","288.25","-5.75","49.40"
"KIRLOSENG","910.65","914.40","888.35","912.25","893.55","-","-18.70","-2.05","2,40,104","21.53","1,404.85","544.40","-2.04","-29.75"
"MAHLIFE","348.00","352.45","340.10","348.15","341.00","-","-7.15","-2.05","1,31,283","4.52","564.22","255.69","-5.19","-40.99"
"NIACL","188.47","190.57","184.11","188.47","184.57","-","-3.90","-2.07","9,96,441","18.62","277.65","135.60","0.68","-25.12"
"YATHARTH","730.95","733.25","704.00","726.10","711.00","-","-15.10","-2.08","8,10,987","58.11","738.20","345.60","16.39","55.62"
"ABBOTINDIA","33,270.00","33,800.00","31,910.00","32,980.00","32,290.00","-","-690.00","-2.09","12,077","40.02","37,000.00","25,325.00","-5.40","20.68"
"ABREL","1,854.20","1,874.90","1,813.00","1,854.20","1,815.00","-","-39.20","-2.11","81,365","15.00","3,140.00","1,638.00","-17.36","-"
"SKIPPER","510.25","510.70","495.95","512.90","502.00","-","-10.90","-2.13","5,05,815","25.35","665.00","342.50","4.99","20.15"
"DCMSHRIRAM","1,363.80","1,374.00","1,312.30","1,367.30","1,338.00","-","-29.30","-2.14","1,01,644","13.63","1,502.30","902.60","-0.49","18.37"
"IFBIND","1,310.00","1,334.30","1,275.00","1,308.00","1,280.00","-","-28.00","-2.14","22,392","2.91","2,359.90","1,060.00","-14.44","-37.97"
"RTNINDIA","51.55","52.09","49.53","51.55","50.44","-","-1.11","-2.15","41,12,115","20.89","92.10","37.42","-21.30","-37.28"
"SAILIFE","903.95","904.00","871.55","893.25","874.00","-","-19.25","-2.16","9,57,465","84.95","904.35","636.10","12.10","-"
"ALOKINDS","17.98","18.24","17.62","18.02","17.63","-","-0.39","-2.16","57,66,280","10.35","29.79","14.01","-14.67","-30.70"
"TEJASNET","567.90","574.40","550.00","563.00","550.80","-","-12.20","-2.17","5,48,827","30.67","1,459.90","545.00","-20.57","-55.99"
"ORCHPHARMA","777.00","780.00","751.00","780.10","763.00","-","-17.10","-2.19","59,636","4.56","1,997.40","603.80","5.68","-48.66"
"TECHNOE","1,410.00","1,418.70","1,357.00","1,398.20","1,366.90","-","-31.30","-2.24","1,51,289","20.89","1,822.00","785.15","-14.48","-"
"GODREJPROP","1,990.00","1,990.90","1,945.00","1,990.90","1,946.00","-","-44.90","-2.26","11,27,245","220.85","3,399.00","1,900.00","-11.67","-33.70"
"DEEPAKFERT","1,474.00","1,483.60","1,440.00","1,475.30","1,442.00","-","-33.30","-2.26","1,33,335","19.41","1,778.60","888.90","-8.54","42.79"
"CHOLAFIN","1,485.00","1,485.00","1,445.50","1,483.00","1,449.00","-","-34.00","-2.29","7,55,391","110.32","1,684.40","1,168.00","-5.34","7.56"
"RBLBANK","258.90","260.25","251.70","258.50","252.40","-","-6.10","-2.36","36,17,487","92.71","272.88","146.10","-4.09","17.19"
"COROMANDEL","2,453.00","2,453.00","2,383.70","2,441.60","2,384.00","-","-57.60","-2.36","1,98,802","47.87","2,718.90","1,545.65","3.11","38.24"
"PAGEIND","44,960.00","45,330.00","43,890.00","45,025.00","43,955.00","-","-1,070.00","-2.38","24,274","107.92","50,590.00","38,850.00","-8.03","7.98"
"JINDALSAW","203.70","204.78","198.50","203.34","198.50","-","-4.84","-2.38","21,18,494","42.49","383.85","198.50","-11.45","-68.82"
"ASHOKA","185.00","189.79","179.04","183.89","179.51","-","-4.38","-2.38","21,74,689","40.14","319.00","159.34","-12.33","-26.79"
"SHAREINDIA","164.80","165.99","160.10","164.76","160.80","-","-3.96","-2.40","2,81,747","4.60","344.80","141.21","-5.72","-42.43"
"JPPOWER","19.35","19.37","18.81","19.36","18.89","-","-0.47","-2.43","2,11,84,280","40.40","27.70","12.36","-20.10","5.89"
"ATUL","6,625.00","6,638.50","6,434.00","6,613.00","6,450.00","-","-163.00","-2.46","74,560","48.18","8,180.00","4,752.00","-12.66","-17.95"
"ERIS","1,710.00","1,717.30","1,665.30","1,723.30","1,680.00","-","-43.30","-2.51","1,27,217","21.39","1,910.00","1,097.20","-1.78","39.25"
"AGI","918.80","923.60","887.00","914.45","891.00","-","-23.45","-2.56","80,899","7.30","1,307.90","599.10","12.69","11.56"
"IKS","1,581.10","1,602.20","1,538.40","1,589.00","1,548.00","-","-41.00","-2.58","1,53,067","23.97","2,189.00","1,236.80","-2.60","-"
"CRISIL","5,225.00","5,248.00","5,055.00","5,226.00","5,091.00","-","-135.00","-2.58","29,275","15.05","6,950.00","3,973.60","-14.30","14.78"
"STYLAMIND","1,693.70","1,709.80","1,654.70","1,700.00","1,656.10","-","-43.90","-2.58","9,404","1.58","2,735.00","1,464.25","0.57","-12.17"
"NETWEB","2,154.70","2,172.80","2,081.90","2,148.00","2,092.00","-","-56.00","-2.61","2,64,827","56.19","3,060.00","1,251.55","7.50","-12.25"
"TARC","169.21","169.29","163.01","169.21","164.80","-","-4.41","-2.61","1,55,982","2.60","269.95","103.22","-18.39","-"
"NEULANDLAB","13,296.00","13,330.00","12,850.00","13,296.00","12,948.00","-","-348.00","-2.62","26,949","35.43","18,100.00","10,190.70","5.51","11.51"
"BLUEJET","797.00","797.00","760.50","800.10","779.00","-","-21.10","-2.64","6,99,938","54.43","1,027.80","454.85","-14.51","60.76"
"BALUFORGE","581.10","590.00","560.25","589.70","574.00","-","-15.70","-2.66","3,04,407","17.25","886.95","428.40","-13.85","-"
"360ONE","1,042.80","1,043.80","1,014.20","1,042.80","1,015.00","-","-27.80","-2.67","12,42,101","127.74","1,318.00","790.50","-14.69","-1.61"
"KALYANKJIL","535.00","537.45","520.25","537.50","523.00","-","-14.50","-2.70","66,44,382","348.71","795.40","399.40","-10.21","-5.28"
"BAJAJHIND","23.50","23.65","22.55","23.24","22.61","-","-0.63","-2.71","65,60,056","15.14","44.84","16.50","-18.14","-42.10"
"RAYMONDLSL","1,094.40","1,108.10","1,055.00","1,087.40","1,057.00","-","-30.40","-2.80","84,044","9.05","3,100.00","911.35","-16.58","-"
"MUTHOOTFIN","2,592.40","2,596.90","2,510.00","2,589.80","2,517.00","-","-72.80","-2.81","2,61,504","66.55","2,718.00","1,756.05","-4.07","34.02"
"BAJFINANCE","877.20","884.90","851.50","877.80","853.00","-","-24.80","-2.83","82,57,312","711.65","978.80","642.50","-8.62","-87.09"
"POLYMED","1,973.20","1,981.50","1,915.50","1,974.10","1,918.00","-","-56.10","-2.84","56,764","11.03","3,357.80","1,862.05","-13.35","-0.19"
"GANECOS","1,459.70","1,479.90","1,416.70","1,468.00","1,425.90","-","-42.10","-2.87","21,240","3.06","2,484.20","1,244.75","-4.34","-10.63"
"JYOTICNC","911.20","924.00","884.90","912.40","886.00","-","-26.40","-2.89","4,35,975","39.30","1,504.30","750.10","-12.34","-19.37"
"JUBLPHARMA","1,105.00","1,110.60","1,070.00","1,103.30","1,070.00","-","-33.30","-3.02","1,66,083","17.99","1,309.90","802.00","-7.59","26.51"
"SUPREMEIND","4,329.00","4,347.20","4,205.90","4,354.70","4,220.00","-","-134.70","-3.09","1,26,898","54.16","5,720.00","3,095.00","2.57","-17.45"
"UNIMECH","1,080.10","1,108.80","1,065.00","1,099.20","1,065.00","-","-34.20","-3.11","10,735","1.17","1,523.75","850.00","-12.50","-"
"REDINGTON","242.25","242.95","234.25","242.70","235.00","-","-7.70","-3.17","16,05,988","38.17","334.80","158.61","-21.35","18.25"
"BLACKBUCK","534.00","551.65","514.05","534.00","517.00","-","-17.00","-3.18","16,10,988","85.44","574.20","248.35","19.15","-"
"PGIL","1,287.90","1,315.00","1,244.80","1,289.40","1,248.00","-","-41.40","-3.21","60,418","7.70","1,717.00","858.05","-17.05","38.56"
"TARIL","526.90","532.80","504.10","526.15","509.00","-","-17.15","-3.26","13,41,054","68.80","648.90","300.75","1.33","-"
"ANUP","2,350.00","2,350.00","2,226.50","2,322.90","2,247.00","-","-75.90","-3.27","46,471","10.57","3,859.40","1,820.05","-21.15","21.07"
"PEL","1,162.20","1,171.60","1,117.30","1,162.20","1,124.00","-","-38.20","-3.29","4,51,169","51.29","1,355.30","848.25","-7.35","14.05"
"TIIL","2,751.00","2,875.00","2,625.00","2,740.70","2,639.00","-","-101.70","-3.71","28,251","7.65","3,933.00","2,050.00","-17.59","-21.64"
"LUXIND","1,319.40","1,343.00","1,265.00","1,319.00","1,269.70","-","-49.30","-3.74","47,638","6.20","2,469.95","1,211.00","-12.09","-44.69"
"LLOYDSENT","78.19","78.40","74.51","78.46","75.50","-","-2.96","-3.77","44,90,241","34.39","96.40","37.28","-16.26","-"
"DOMS","2,550.00","2,608.90","2,397.20","2,503.20","2,405.00","-","-98.20","-3.92","11,35,861","288.20","3,115.00","2,092.30","2.71","-0.89"
"HOMEFIRST","1,269.60","1,269.90","1,231.00","1,282.20","1,232.00","-","-50.20","-3.92","2,70,459","33.77","1,519.00","878.40","-10.74","21.81"
"KPRMILL","994.00","1,001.70","949.50","993.00","953.90","-","-39.10","-3.94","4,59,066","44.36","1,389.00","755.50","-20.38","7.33"
"GLAXO","2,678.00","2,687.00","2,560.00","2,687.10","2,581.00","-","-106.10","-3.95","1,41,456","36.96","3,515.70","1,921.00","-20.20","-10.43"
"HCC","26.65","27.00","25.25","26.53","25.48","-","-1.05","-3.96","47,05,111","12.35","50.90","21.97","-12.37","-"
"KNRCON","198.45","206.37","198.45","210.30","201.70","-","-8.60","-4.09","13,18,473","26.74","368.00","192.55","-6.26","-44.14"
"BATAINDIA","1,172.00","1,177.50","1,129.50","1,183.40","1,133.60","-","-49.80","-4.21","3,82,334","44.00","1,479.00","1,129.50","-8.34","-19.95"
"TIMETECHNO","462.90","463.90","440.00","464.80","444.75","-","-20.05","-4.31","11,32,044","50.68","513.55","306.60","0.32","28.75"
"VENUSPIPES","1,372.00","1,390.00","1,263.00","1,345.10","1,279.50","-","-65.60","-4.88","2,13,300","28.50","2,450.35","1,005.30","-19.58","-38.12"
"KAJARIACER","1,305.10","1,311.40","1,240.00","1,309.10","1,245.00","-","-64.10","-4.90","4,41,485","56.46","1,578.70","758.70","6.59","-11.13"
"SCHNEIDER","855.00","874.00","843.60","888.00","843.60","-","-44.40","-5.00","2,04,333","17.42","1,052.00","540.00","-1.22","-"
"RVNL","342.75","346.50","320.30","342.50","323.15","-","-19.35","-5.65","53,92,512","180.56","619.50","305.00","-13.68","-42.79"
"CSBBANK","434.20","436.65","401.30","432.90","407.70","-","-25.20","-5.82","8,86,595","36.52","445.60","272.75","-2.13","25.07"
"INDIAGLYCO","909.00","909.00","846.20","1,818.50","856.00","-","-53.30","-5.86","2,83,717","24.49","1,069.00","503.53","-58.20","-33.36"
"SYRMA","719.00","724.85","645.35","717.95","675.00","-","-42.95","-5.98","19,57,141","132.83","780.50","370.00","-0.76","66.12"
"ACE","991.80","1,004.40","935.50","1,008.60","944.00","-","-64.60","-6.40","14,66,117","139.87","1,600.00","917.45","-21.13","-27.16"
"PARADEEP","228.16","229.28","209.51","227.94","212.50","-","-15.44","-6.77","91,11,589","197.81","234.39","78.81","28.00","137.10"
"PRAJIND","423.00","423.00","406.40","445.40","414.50","-","-30.90","-6.94","40,04,297","165.90","875.00","406.40","-16.56","-41.48"
"ASTRAL","1,310.10","1,356.70","1,263.70","1,381.60","1,266.00","-","-115.60","-8.37","66,27,957","853.48","2,037.95","1,232.30","-13.95","-34.50"
"BANCOINDIA","601.90","604.40","535.55","601.35","539.00","-","-62.35","-10.37","8,05,342","44.99","690.60","297.50","-15.81","-20.60"
"MARKSANS","211.15","214.47","180.10","210.08","187.70","-","-22.38","-10.65","1,30,56,515","248.06","358.70","171.00","-26.64","-4.87"