Date,series,OPEN,HIGH,LOW,PREV. CLOSE,ltp,close,vwap,52W H,52W L,VOLUME,VALUE,No of trades,EMA_200,EMA_50,EMA_100
2023-11-03,EQ,780.00,798.80,777.30,774.30,795.00,795.4,793.22,916.00,395.1,"43,10,765","3,41,93,71,718.80","64,474",765.9764593187705,798.2452489354145,783.4488688960353
2023-11-06,EQ,801.50,806.25,799.30,795.40,802.00,802.5,802.96,916.00,395.1,"22,70,316","1,82,29,73,332.05","45,329",766.3398776340066,798.4121019183394,783.8261190169059
2023-11-07,EQ,803.00,808.40,796.00,802.50,798.05,797.55,799.94,916.00,395.1,"23,94,891","1,91,57,61,347.25","47,201",766.6504261152603,798.3782939999732,784.097879036373
2023-11-08,EQ,802.00,823.80,800.05,797.55,817.20,818.7,816.11,916.00,395.1,"51,23,208","4,18,11,08,886.55","89,856",767.1683323230687,799.175223647033,784.7830695505043
2023-11-09,EQ,825.00,827.70,798.10,818.70,806.05,806.2,812.47,916.00,395.1,"49,82,049","4,04,77,67,440.00","1,03,935",767.5567071258242,799.4507050726396,785.2071671831676
2023-11-10,EQ,808.00,818.80,806.20,806.20,809.95,808.6,811.58,916.00,395.1,"39,03,183","3,16,77,42,392.35","66,315",767.9650980996967,799.809500952144,785.6703915953821
2023-11-12,EQ,816.70,816.70,811.00,808.60,811.60,812.25,813.44,916.00,395.1,"2,65,239","21,57,56,740.15","10,052",768.4057438897495,800.2973636599031,786.1967204746813
2023-11-13,EQ,810.00,828.00,807.50,812.25,810.35,809.85,811.05,916.00,395.1,"10,50,882","85,23,12,736.95","29,224",768.818124547563,800.6719768497109,786.6651022474599
2023-11-15,EQ,818.00,818.00,809.05,809.85,811.00,810.75,812.30,916.00,395.1,"16,94,698","1,37,66,09,092.90","36,310",769.2353571391295,801.0671934438399,787.142030915827
2023-11-16,EQ,814.40,818.40,808.10,810.75,814.00,813.6,813.91,916.00,395.1,"16,89,762","1,37,53,10,877.75","56,941",769.6767963715761,801.5586760538854,787.6659510957116
2023-11-17,EQ,811.70,821.95,809.05,813.60,810.00,810.05,813.09,916.00,395.1,"32,18,979","2,61,73,28,031.20","52,220",770.0785197907644,801.8916691498115,788.1091995888659
2023-11-20,EQ,810.05,816.00,801.10,810.05,802.70,803.6,808.53,912.00,395.1,"32,27,659","2,60,96,63,865.20","45,735",770.412066857523,801.9586625164856,788.4159481118586
2023-11-21,EQ,805.00,814.90,799.30,803.60,801.00,801.35,806.60,912.00,395.1,"36,43,664","2,93,89,81,343.30","55,240",770.7199069882939,801.934793398192,788.6720679512277
2023-11-22,EQ,804.00,804.95,788.55,801.35,792.00,791.9,793.33,912.00,395.1,"32,12,329","2,54,84,47,110.00","53,628",770.9306541824403,801.541272088459,788.7359873977381
2023-11-23,EQ,795.00,804.70,791.45,791.90,793.20,793.1,796.26,912.00,395.1,"37,76,615","3,00,71,53,342.85","50,591",771.1512446880877,801.2102418104803,788.8224034888719
2023-11-24,EQ,795.90,802.95,785.00,793.10,801.00,795.55,790.29,912.00,395.1,"44,21,350","3,49,41,59,507.65","71,988",771.3940183727833,800.9882715434027,788.9556232217656
2023-11-28,EQ,806.00,854.40,806.00,795.55,840.50,837.7,836.47,912.00,395.1,"1,59,29,818","13,32,48,39,266.80","2,39,460",772.0537793839994,802.4279471691516,789.9208584054929
2023-11-29,EQ,850.00,850.00,833.30,837.70,835.15,835.55,838.73,912.00,395.1,"80,57,644","6,75,81,59,629.60","1,36,229",772.6855825742084,803.7268512017339,790.8244057638
2023-11-30,EQ,839.00,839.00,823.00,835.55,827.20,825.5,828.73,912.00,395.1,"59,98,210","4,97,09,18,487.90","1,07,634",773.2110991655098,804.5807001742149,791.5110511942198
2023-12-01,EQ,839.20,839.20,825.50,825.50,827.00,827.8,829.12,912.00,395.1,"29,32,775","2,43,16,28,963.75","52,074",773.7542723081416,805.4912609516967,792.2296442398788
2023-12-04,EQ,865.00,883.35,858.50,827.80,878.70,878.65,872.49,912.00,395.1,"1,10,64,795","9,65,38,77,757.35","1,95,708",774.7980108921403,808.3602311104538,793.9409384133465
2023-12-05,EQ,884.00,"1,024.30",880.00,878.65,"1,010.00",1013.1,967.15,"1,024.30",395.1,"4,65,64,412","45,03,48,49,029.15","6,87,742",777.1691749628653,816.389241655142,798.2807218111021
2023-12-06,EQ,"1,045.00","1,082.50","1,008.10","1,013.10","1,020.50",1017.95,"1,039.65","1,082.50",395.1,"4,10,08,947","42,63,48,03,598.70","7,69,718",779.5650040677125,824.2935851196462,802.6306085079119
2023-12-07,EQ,"1,029.00","1,058.75","1,021.65","1,017.95","1,044.00",1039.65,"1,041.54","1,082.50",395.1,"1,48,40,081","15,45,65,04,885.30","3,12,297",782.1529144749991,832.7389347227974,807.324061804785
2023-12-08,EQ,"1,048.00","1,055.00",992.30,"1,039.65","1,021.10",1022.95,"1,023.19","1,082.50",395.1,"1,22,02,462","12,48,53,77,517.40","2,75,635",784.5489053757454,840.1981921846485,811.593882363106
2023-12-11,EQ,"1,026.80","1,048.00","1,015.65","1,022.95","1,033.40",1031.9,"1,032.23","1,082.50",395.1,"78,89,666","8,14,39,86,966.05","1,79,709",787.0101102973799,847.7159101381918,815.9563797420544
2023-12-12,EQ,"1,037.05","1,048.45","1,023.25","1,031.90","1,039.55",1041.95,"1,038.57","1,082.50",395.1,"49,02,289","5,09,13,82,444.55","1,24,557",789.546825617804,855.3329332700275,820.4315009352811
2023-12-13,EQ,"1,045.00","1,075.00","1,028.80","1,041.95","1,074.00",1063.5,"1,047.81","1,082.50",395.1,"81,51,639","8,54,13,89,122.65","1,73,343",792.2727278504626,863.4963476515951,825.244738540523
2023-12-14,EQ,"1,080.00","1,089.90","1,063.00","1,063.50","1,073.00",1074.7,"1,072.87","1,089.90",395.1,"80,04,131","8,58,73,61,365.30","1,85,156",795.0829494638909,871.7788438221207,830.1844466882354
2023-12-15,EQ,"1,079.00","1,086.50","1,067.05","1,074.70","1,078.00",1078.55,"1,078.18","1,089.90",395.1,"1,16,72,787","12,58,53,31,077.30","1,66,848",797.903517130917,879.8875166134101,835.1025764567852
2023-12-18,EQ,"1,079.00","1,102.40","1,072.75","1,078.55","1,090.00",1094.3,"1,090.52","1,102.40",395.1,"54,48,342","5,94,15,24,074.50","1,14,853",800.8527358659327,888.2958492952371,840.2351987051657
2023-12-19,EQ,"1,095.00","1,099.00","1,068.60","1,094.30","1,075.00",1074.0,"1,080.85","1,102.40",395.1,"59,93,252","6,47,78,13,788.20","1,32,457",803.5706190911474,895.5783650091494,844.8642046714
2023-12-20,EQ,"1,078.00","1,083.85","1,005.00","1,074.00","1,007.00",1012.15,"1,049.86","1,102.40",395.1,"84,67,564","8,88,97,83,034.35","1,82,290",805.6460358166087,900.1498016754572,848.1767946779069
2023-12-21,EQ,996.15,"1,028.00",989.25,"1,012.15","1,025.45",1018.95,"1,016.45","1,102.40",395.1,"53,52,057","5,44,00,73,860.60","1,71,620",807.7684633209211,904.808632982302,851.5584423080473
2023-12-22,EQ,"1,034.00","1,050.95","1,019.00","1,018.95","1,028.00",1027.5,"1,033.87","1,102.40",395.1,"52,52,106","5,42,99,79,268.30","1,27,018",809.9548467704642,909.6200591398588,855.0424335494722
2023-12-26,EQ,"1,034.10","1,041.00","1,026.10","1,027.50","1,027.00",1028.75,"1,031.97","1,102.40",395.1,"21,76,775","2,24,63,71,709.90","88,584",812.1319129717532,914.2918215265312,858.4821873405717
2023-12-27,EQ,"1,037.00","1,037.05","1,018.00","1,028.75","1,025.50",1024.4,"1,026.87","1,102.40",395.1,"28,03,997","2,87,93,39,103.05","1,21,999",814.244033240691,918.6097893098045,861.7676885813524
2023-12-28,EQ,"1,029.55","1,031.20","1,014.65","1,024.40","1,019.95",1016.95,"1,019.24","1,102.40",395.1,"48,65,603","4,95,92,02,945.20","95,099",816.261008034316,922.4662681604004,864.8406056391475
2023-12-29,EQ,"1,021.80","1,034.90","1,017.60","1,016.95","1,023.00",1024.35,"1,026.41","1,102.40",395.1,"24,29,250","2,49,33,97,287.15","65,509",818.3315452678054,926.4617086246984,867.9992075076792
2024-01-01,EQ,"1,026.55","1,057.95","1,023.00","1,024.35","1,041.10",1047.85,"1,046.35","1,102.40",395.1,"39,89,711","4,17,46,43,148.75","1,00,539",820.6153109865337,931.222033776671,871.5606093392104
2024-01-02,EQ,"1,047.85","1,082.90","1,031.10","1,047.85","1,079.00",1078.4,"1,062.31","1,102.40",395.1,"63,44,621","6,73,99,35,310.35","1,63,681",823.1803327677623,936.9937187266054,875.6564388572458
2024-01-03,EQ,"1,105.00","1,144.00","1,062.75","1,078.40","1,095.40",1094.25,"1,106.85","1,144.00",395.1,"3,30,60,778","36,59,34,78,297.45","6,58,513",825.8775433869886,943.1606317177188,879.9850242264092
2024-01-04,EQ,"1,117.00","1,131.00","1,103.55","1,094.25","1,122.00",1123.2,"1,116.97","1,144.00",395.1,"97,71,995","10,91,50,25,415.55","2,30,197",828.8359757910981,950.2209991013376,884.8011623605398
2024-01-05,EQ,"1,129.10","1,160.00","1,125.40","1,123.20","1,153.00",1154.25,"1,146.58","1,160.00",395.1,"1,06,22,789","12,17,98,24,453.45","2,18,484",832.073926280739,958.2221363914814,890.1367829078558
2024-01-08,EQ,"1,160.00","1,182.00","1,152.00","1,154.25","1,172.40",1168.85,"1,169.58","1,182.00",395.1,"87,60,094","10,24,56,00,240.30","1,90,134",835.4249319893884,966.4820526114232,895.6558565136409
2024-01-09,EQ,"1,182.00","1,229.90","1,178.50","1,168.85","1,200.95",1197.1,"1,205.17","1,229.90",395.1,"1,47,01,104","17,71,72,72,726.45","3,33,249",839.0236888850163,975.5258936854852,901.6250474737668
2024-01-10,EQ,"1,220.00","1,220.00","1,197.00","1,197.10","1,215.20",1214.35,"1,209.01","1,229.90",395.1,"70,36,728","8,50,75,05,783.00","1,42,375",842.7582790453645,984.8915449135054,907.817620791118
2024-01-11,EQ,"1,221.00","1,223.60","1,200.00","1,214.35","1,204.00",1202.95,"1,209.03","1,229.90",395.1,"37,21,202","4,49,90,38,845.70","1,42,091",846.3422762687937,993.4428568776816,913.6618263200064
2024-01-12,EQ,"1,210.40","1,218.75","1,201.05","1,202.95","1,207.00",1207.1,"1,209.70","1,229.90",395.1,"39,12,779","4,73,32,92,436.50","1,16,213",849.9319053606465,1001.8215683726744,919.4724832245608
2024-01-15,EQ,"1,214.00","1,215.35","1,189.10","1,207.10","1,203.60",1203.1,"1,203.36","1,229.90",395.1,"28,25,654","3,40,02,66,862.85","97,303",853.446015755068,1009.714840201197,925.0888696953616
2024-01-16,EQ,"1,203.60","1,212.00","1,186.80","1,203.10","1,194.50",1193.35,"1,198.10","1,229.90",395.1,"31,73,587","3,80,22,82,142.75","1,11,688",856.8281449515349,1016.9162190168364,930.4009712855524
2024-01-17,EQ,"1,180.00","1,204.70","1,159.45","1,193.35","1,169.90",1166.85,"1,180.10","1,229.90",395.1,"52,68,593","6,21,74,46,859.35","1,25,671",859.9129395291316,1022.7959751338232,935.0831302699968
2024-01-18,EQ,"1,171.05","1,184.30","1,143.45","1,166.85","1,155.00",1154.05,"1,159.02","1,229.90",395.1,"59,18,594","6,85,97,50,083.00","1,46,812",862.8396764492398,1027.943191795242,939.4191078884128
2024-01-19,EQ,"1,162.25","1,166.80","1,150.00","1,154.05","1,153.00",1152.45,"1,156.65","1,229.90",395.1,"27,32,559","3,16,06,14,748.45","1,25,289",865.721371210939,1032.8258117248404,943.6375413955728
2024-01-20,EQ,"1,158.90","1,198.75","1,150.00","1,152.45","1,190.90",1193.0,"1,177.57","1,229.90",395.1,"25,21,107","2,96,87,92,425.95","74,669",868.9778749799843,1039.107152441513,948.5754118629872
2024-01-23,EQ,"1,199.15","1,207.20","1,130.25","1,193.00","1,142.00",1137.1,"1,171.83","1,229.90",395.1,"72,01,014","8,43,83,80,301.65","1,57,053",871.6457568209795,1042.9500092085127,952.3085720241162
2024-01-24,EQ,"1,138.00","1,146.75","1,118.35","1,137.10","1,123.25",1120.6,"1,123.24","1,229.90",395.1,"1,83,73,913","20,63,82,34,493.70","3,27,148",874.122913469527,1045.9951068866103,955.6410755483912
2024-01-25,EQ,"1,122.15","1,155.75","1,111.60","1,120.60","1,151.00",1146.3,"1,131.49","1,229.90",395.1,"43,05,042","4,87,11,15,814.05","1,21,929",876.8311431862481,1049.9286321067432,959.4164997949576
2024-01-29,EQ,"1,155.00","1,204.90","1,151.00","1,146.30","1,194.40",1196.65,"1,187.60","1,229.90",395.1,"67,68,033","8,03,76,99,306.80","2,10,651",880.0134203684746,1055.6824112398122,964.1141928683246
2024-01-30,EQ,"1,200.00","1,217.20","1,181.00","1,196.65","1,190.00",1187.35,"1,201.21","1,229.90",395.1,"46,83,729","5,62,61,28,139.65","2,05,145",883.0714957876937,1060.8458460931529,968.5347039006348
2024-01-31,EQ,"1,195.80","1,214.25","1,191.65","1,187.35","1,206.00",1207.65,"1,205.24","1,229.90",395.1,"55,10,242","6,64,11,41,121.85","1,49,969",886.3011326455277,1066.6028717365589,973.269660259038
2024-02-01,EQ,"1,213.60","1,239.50","1,200.30","1,207.65","1,220.75",1218.85,"1,220.91","1,239.50",395.1,"74,33,628","9,07,57,85,518.30","2,74,275",889.6100765993035,1072.5733473547327,978.1326372836116
2024-02-02,EQ,"1,233.05","1,287.50","1,231.70","1,218.85","1,262.50",1261.45,"1,269.53","1,287.50",395.1,"1,04,50,227","13,26,68,96,482.40","2,69,789",893.3099763346339,1079.9802749094492,983.7428820898768
2024-02-05,EQ,"1,269.50","1,291.25","1,248.85","1,261.45","1,262.00",1258.55,"1,271.71","1,291.25",476.7,"56,11,298","7,13,59,17,796.10","1,85,622",896.9442054258317,1086.9830092267257,989.1846071970078
2024-02-06,EQ,"1,266.00","1,284.60","1,248.85","1,258.55","1,274.00",1273.1,"1,270.91","1,291.25",476.7,"44,08,002","5,60,21,73,026.50","1,35,542",900.6870491529379,1094.2817147472465,994.8066941832057
2024-02-07,EQ,"1,280.00","1,286.35","1,252.15","1,273.10","1,256.25",1255.65,"1,267.25","1,291.25",476.7,"33,59,763","4,25,76,51,048.10","96,611",904.2190188131076,1100.609882796374,999.9719081597758
2024-02-08,EQ,"1,264.05","1,264.50","1,236.75","1,255.65","1,247.80",1245.2,"1,250.42","1,291.25",476.7,"33,54,609","4,19,46,75,869.65","1,43,707",907.6118643970568,1106.280083471026,1004.827909978394
2024-02-09,EQ,"1,252.60","1,275.50","1,232.10","1,245.20","1,272.40",1271.5,"1,257.33","1,291.25",476.7,"35,38,164","4,44,86,22,470.75","1,00,476",911.2326418657432,1112.7592958839268,1010.1085454243664
2024-02-12,EQ,"1,278.00","1,279.75","1,243.90","1,271.50","1,249.85",1249.35,"1,260.39","1,291.25",533.65,"22,04,823","2,77,89,29,991.85","85,899",914.5969936879744,1118.1157940845571,1014.8459999704186
2024-02-13,EQ,"1,249.95","1,271.00","1,226.65","1,249.35","1,270.95",1264.8,"1,250.88","1,291.25",533.65,"22,45,009","2,80,82,31,574.05","73,236",918.0816007159548,1123.8681158851628,1019.79558412942
2024-02-14,EQ,"1,261.95","1,281.55","1,248.65","1,264.80","1,268.00",1267.85,"1,268.31","1,291.25",533.65,"33,82,943","4,29,06,28,559.15","97,164",921.5618832958957,1129.5144642818232,1024.707552760521
2024-02-15,EQ,"1,275.00","1,277.55","1,262.10","1,267.85","1,266.20",1267.05,"1,268.77","1,291.25",533.65,"33,82,824","4,29,20,37,693.90","1,05,127",924.9995759994192,1134.908014702144,1029.5064131018964
2024-02-16,EQ,"1,269.80","1,311.00","1,265.55","1,267.05","1,310.10",1306.85,"1,293.70","1,311.00",533.65,"54,76,230","7,08,45,91,726.70","1,45,190",928.7990827058926,1141.650837655001,1034.9983653177003
2024-02-19,EQ,"1,313.40","1,327.00","1,302.15","1,306.85","1,311.00",1307.0,"1,314.36","1,327.00",533.65,"27,00,240","3,54,90,92,442.65","74,031",932.5622759127992,1148.135118531275,1040.3845363015084
2024-02-20,EQ,"1,311.00","1,312.90","1,293.70","1,307.00","1,302.80",1300.5,"1,303.28","1,327.00",533.65,"18,56,718","2,41,98,25,350.60","60,202",936.223347794264,1154.1102119222055,1045.5353375628647
2024-02-21,EQ,"1,304.80","1,315.00","1,281.45","1,300.50","1,290.00",1291.0,"1,301.16","1,327.00",533.65,"27,70,510","3,60,48,63,684.45","83,664",939.7534637366095,1159.4784389056483,1050.3960239477583
2024-02-22,EQ,"1,296.00","1,317.00","1,281.00","1,291.00","1,310.10",1310.95,"1,296.45","1,327.00",533.65,"25,56,009","3,31,37,44,829.45","1,10,801",943.4469616098772,1165.418500125035,1055.55550862206
2024-02-23,EQ,"1,312.05","1,332.00","1,298.00","1,310.95","1,320.70",1320.7,"1,318.21","1,332.00",533.65,"29,24,829","3,85,55,26,065.60","87,260",947.2007231858984,1171.507970708367,1060.80589458994
2024-02-26,EQ,"1,320.00","1,343.00","1,316.75","1,320.70","1,335.00",1338.15,"1,333.93","1,343.00",551.95,"28,02,425","3,73,82,39,344.70","1,04,817",951.0907657412624,1178.0429522492154,1066.2978570733076
2024-02-27,EQ,"1,336.85","1,339.20","1,314.25","1,338.15","1,332.45",1329.45,"1,327.63","1,343.00",551.95,"21,97,456","2,91,74,17,550.15","59,525",954.8555342413496,1183.98048353356,1071.5087905966084
2024-02-28,EQ,"1,334.50","1,334.90","1,295.15","1,329.45","1,296.00",1299.5,"1,311.70","1,343.00",551.95,"21,21,625","2,78,29,26,736.15","90,788",958.2848324081024,1188.5106606498912,1076.0234680105368
2024-02-29,EQ,"1,300.00","1,329.90","1,293.05","1,299.50","1,328.00",1320.5,"1,313.10","1,343.00",551.95,"26,72,239","3,50,89,23,643.30","94,344",961.8889634289172,1193.6867131734248,1080.8645874558729
2024-03-01,EQ,"1,335.00","1,349.00","1,312.40","1,320.50","1,324.70",1322.1,"1,327.28","1,349.00",551.95,"33,01,090","4,38,14,61,597.80","83,641",965.473152847535,1198.7225283430944,1085.6415263181325
2024-03-02,EQ,"1,326.90","1,346.90","1,325.00","1,322.10","1,336.15",1338.3,"1,337.34","1,349.00",551.95,"3,86,697","51,71,46,854.60","14,243",969.1828727196988,1204.196154682581,1090.6446644108428
2024-03-04,EQ,"1,345.25","1,356.55","1,336.40","1,338.30","1,342.00",1342.6,"1,346.15","1,356.55",571.55,"21,70,214","2,92,14,37,587.95","72,124",972.8984660259706,1209.6237564597348,1095.6338789769643
2024-03-05,EQ,"1,344.05","1,354.95","1,334.00","1,342.60","1,341.35",1338.3,"1,343.04","1,356.55",571.55,"18,15,438","2,43,81,98,156.85","84,855",976.5343021849162,1214.6698836573923,1100.4391487001928
2024-03-06,EQ,"1,342.70","1,344.60","1,304.00","1,338.30","1,325.90",1324.8,"1,321.36","1,356.55",571.55,"27,58,443","3,64,49,08,759.05","95,619",979.9996325114346,1218.9887117492594,1104.8819378348426
2024-03-07,EQ,"1,329.80","1,335.35","1,315.00","1,324.80","1,329.55",1325.45,"1,325.83","1,356.55",571.55,"16,40,786","2,17,54,02,991.20","68,678",983.4369496008732,1223.1636642296808,1109.2496222341524
2024-03-11,EQ,"1,331.00","1,342.35","1,322.05","1,325.45","1,326.45",1326.95,"1,332.35","1,356.55",571.55,"22,17,673","2,95,47,20,776.90","74,486",986.854989903352,1227.2337166128304,1113.5605208037732
2024-03-12,EQ,"1,335.00","1,346.95","1,293.45","1,326.95","1,298.80",1301.3,"1,321.23","1,356.55",571.55,"31,39,768","4,14,83,58,308.30","1,21,158",989.9837959739656,1230.1382767456607,1117.2781342532037
2024-03-13,EQ,"1,307.00","1,308.00","1,188.10","1,301.30","1,217.05",1209.55,"1,231.08","1,356.55",571.55,"86,70,336","10,67,38,87,656.45","2,93,958",992.1685343224832,1229.3308933438702,1119.105299911556
2024-03-14,EQ,"1,210.00","1,276.00","1,195.70","1,209.55","1,268.00",1267.85,"1,252.26","1,356.55",571.55,"71,95,603","9,01,07,57,059.45","2,52,058",994.9116334834536,1230.8414465460714,1122.0507395172676
2024-03-15,EQ,"1,273.80","1,288.85","1,256.65","1,267.85","1,283.95",1283.0,"1,275.73","1,356.55",571.55,"40,24,586","5,13,43,02,544.30","1,15,530",997.778184394066,1232.886880014853,1125.2378535862324
2024-03-18,EQ,"1,250.00","1,270.05","1,227.25","1,283.00","1,265.45",1266.6,"1,251.32","1,356.55",571.55,"48,58,444","6,07,94,67,325.85","1,44,797",1000.4530283304435,1234.2089631515255,1128.0371040102675
2024-03-19,EQ,"1,271.05","1,272.85","1,237.25","1,266.60","1,241.70",1241.2,"1,251.72","1,356.55",571.55,"23,11,324","2,89,31,21,478.10","85,705",1002.8485205858622,1234.483121459309,1130.2779534358067
2024-03-20,EQ,"1,248.00","1,252.95","1,230.20","1,241.20","1,243.25",1245.4,"1,243.29","1,356.55",571.55,"27,72,098","3,44,65,20,539.65","1,09,583",1005.2619681422218,1234.9112343432575,1132.5575979222265
2024-03-21,EQ,"1,260.00","1,268.70","1,251.30","1,245.40","1,263.85",1262.45,"1,261.85","1,356.55",571.55,"31,55,563","3,98,18,39,707.25","1,16,819",1007.8210530363292,1235.9911859376396,1135.1297246960437
2024-03-22,EQ,"1,262.45","1,289.10","1,255.05","1,262.45","1,276.70",1281.6,"1,276.74","1,356.55",571.55,"30,76,926","3,92,84,36,787.05","90,748",1010.5452216628332,1237.7797668812616,1138.0301261872107
2024-03-26,EQ,"1,281.60","1,314.00","1,281.00","1,281.60","1,305.00",1304.2,"1,302.19","1,356.55",571.55,"36,10,644","4,70,17,45,079.85","1,22,616",1013.4671597557405,1240.384481905526,1141.320618737959
2024-03-27,EQ,"1,315.00","1,343.00","1,312.10","1,304.20","1,324.90",1322.8,"1,331.61","1,356.55",571.55,"49,38,400","6,57,60,43,145.70","1,55,518",1016.5450984646386,1243.61646300727,1144.9142698520589
2024-03-28,EQ,"1,334.00","1,358.70","1,314.00","1,322.80","1,342.95",1341.85,"1,336.99","1,358.70",571.55,"41,88,741","5,60,03,01,611.75","1,34,708",1019.7819631565328,1247.468758575612,1148.8139872807308
2024-04-01,EQ,"1,356.80","1,381.75","1,350.25","1,341.85","1,378.00",1375.9,"1,370.36","1,381.75",622.15,"32,51,462","4,45,56,60,558.65","92,837",1023.3254262097016,1252.5052778471568,1153.310740007845
2024-04-02,EQ,"1,397.80","1,424.95","1,388.20","1,375.90","1,402.85",1404.15,"1,405.43","1,424.95",622.15,"57,69,001","8,10,79,12,362.40","1,52,736",1027.1147254513962,1258.4521296962878,1158.2778540670956
2024-04-03,EQ,"1,399.85","1,402.00","1,389.20","1,404.15","1,401.00",1397.2,"1,397.03","1,424.95",622.15,"27,27,582","3,81,05,26,156.05","1,14,625",1030.7971659941684,1263.8932226493746,1163.0089856697273
2024-04-04,EQ,"1,408.60","1,408.60","1,362.25","1,397.20","1,369.30",1366.85,"1,379.87","1,424.95",622.15,"41,97,697","5,79,22,74,214.95","1,61,088",1034.1409752877587,1267.9307433297913,1167.0454413990396
2024-04-05,EQ,"1,367.00","1,381.90","1,357.35","1,366.85","1,375.50",1375.55,"1,371.04","1,424.95",622.15,"18,53,120","2,54,06,94,127.95","61,822",1037.5380800112637,1272.1511063364662,1171.1742445396526
2024-04-08,EQ,"1,381.95","1,381.95","1,337.00","1,375.55","1,353.00",1348.65,"1,350.65","1,424.95",643.0,"1,40,38,860","18,96,15,20,938.15","1,27,513",1040.6337210061763,1275.1510629507227,1174.6886159349071
2024-04-09,EQ,"1,356.15","1,364.90","1,346.10","1,348.65","1,353.00",1356.5,"1,356.45","1,424.95",643.0,"19,35,801","2,62,58,18,803.95","65,370",1043.7766690558665,1278.341217344812,1178.2888413619387
2024-04-10,EQ,"1,359.00","1,359.90","1,348.20","1,356.50","1,351.10",1352.3,"1,352.43","1,424.95",643.0,"39,84,001","5,38,80,66,733.05","1,01,971",1046.8465529458576,1281.2415617626625,1181.734606879524
2024-04-12,EQ,"1,350.00","1,358.40","1,341.00","1,352.30","1,347.00",1344.2,"1,349.49","1,424.95",643.0,"21,83,230","2,94,62,50,364.15","79,251",1049.8052937125656,1283.710520124911,1184.9517433769593
2024-04-15,EQ,"1,320.00","1,335.00","1,308.60","1,344.20","1,316.50",1315.55,"1,320.64","1,424.95",651.05,"33,72,368","4,45,36,83,204.70","1,29,000",1052.4495196457738,1284.959127178836,1187.5378474685044
2024-04-16,EQ,"1,302.00","1,322.00","1,294.40","1,315.55","1,307.75",1304.35,"1,306.17","1,424.95",651.05,"26,96,593","3,52,22,03,975.40","90,316",1054.9559920871093,1285.7195535639798,1189.850959399821
2024-04-18,EQ,"1,315.95","1,336.50","1,291.00","1,304.35","1,306.40",1295.55,"1,320.54","1,424.95",651.05,"62,19,274","8,21,28,23,222.85","1,82,146",1057.3499623150983,1286.1050612673532,1191.9440097087354
2024-04-19,EQ,"1,280.00","1,316.00","1,270.00","1,295.55","1,310.80",1310.0,"1,297.08","1,424.95",651.05,"38,99,281","5,05,76,67,228.10","1,14,818",1059.863893038331,1287.0421176882414,1194.2817520907406
2024-04-22,EQ,"1,321.10","1,331.00","1,315.00","1,310.00","1,323.25",1321.1,"1,320.54","1,424.95",656.0,"89,03,130","11,75,69,23,627.80","67,598",1062.463257286706,1288.3777209161535,1196.793004524587
2024-04-23,EQ,"1,321.10","1,338.55","1,318.90","1,321.10","1,321.00",1322.1,"1,328.53","1,424.95",656.0,"38,47,872","5,11,20,08,891.80","1,15,321",1065.0467074629578,1289.7001632331671,1199.2743311676647
2024-04-24,EQ,"1,331.00","1,332.90","1,318.05","1,322.10","1,319.00",1320.5,"1,326.09","1,424.95",656.0,"25,53,035","3,38,55,41,706.00","1,05,611",1067.5885312692967,1290.9079999691214,1201.6748394613742
2024-04-25,EQ,"1,320.50","1,336.95","1,316.80","1,320.50","1,328.25",1330.55,"1,328.29","1,424.95",656.0,"60,97,087","8,09,86,85,271.80","1,65,345",1070.205063296468,1292.4625882056266,1204.2268228383766
2024-04-26,EQ,"1,340.00","1,341.60","1,321.10","1,330.55","1,326.25",1324.6,"1,328.85","1,424.95",656.0,"25,65,490","3,40,91,41,234.35","75,100",1072.7363561989907,1293.7228788642296,1206.6104501089037
2024-04-29,EQ,"1,334.30","1,335.75","1,307.00","1,324.60","1,318.00",1317.25,"1,316.44","1,424.95",656.75,"21,91,564","2,88,50,69,247.50","88,102",1075.1693277791005,1294.6455110656325,1208.801332284965
2024-04-30,EQ,"1,323.55","1,334.65","1,316.25","1,317.25","1,322.90",1324.9,"1,326.63","1,424.95",656.75,"23,21,071","3,07,91,93,615.85","70,013",1077.654210089756,1295.8319616120784,1211.1003158040746
2024-05-02,EQ,"1,333.95","1,348.70","1,306.55","1,324.90","1,341.50",1338.8,"1,334.94","1,424.95",656.75,"79,91,511","10,66,81,60,513.95","2,24,430",1080.2526756610025,1297.5169827253303,1213.6290224218158
2024-05-03,EQ,"1,353.00","1,354.00","1,310.45","1,338.80","1,317.95",1320.3,"1,328.79","1,424.95",656.75,"35,28,822","4,68,90,72,493.75","1,11,651",1082.64120625144,1298.4104343831605,1215.7413190075224
2024-05-06,EQ,"1,322.50","1,322.50","1,257.00","1,320.30","1,285.55",1289.95,"1,285.20","1,424.95",659.5,"40,00,668","5,14,16,70,155.80","1,42,077",1084.70398031859,1298.0786526426443,1217.2107978390566
2024-05-07,EQ,"1,291.10","1,301.15","1,265.00","1,289.95","1,286.00",1287.65,"1,283.34","1,424.95",659.5,"34,74,340","4,45,87,46,208.00","1,29,119",1086.7233436985048,1297.6696858723446,1218.605633525412
2024-05-08,EQ,"1,293.35","1,293.70","1,269.05","1,287.65","1,278.00",1277.25,"1,282.56","1,424.95",659.5,"16,27,418","2,08,72,61,154.60","75,182",1088.619131323395,1296.868913877351,1219.7669081090671
2024-05-09,EQ,"1,279.00","1,285.80","1,240.00","1,277.25","1,244.00",1244.55,"1,260.16","1,424.95",659.5,"25,91,646","3,26,58,89,778.15","1,23,666",1090.1706822555009,1294.8171917645134,1220.257662403937
2024-05-10,EQ,"1,250.00","1,278.70","1,245.75","1,244.55","1,271.95",1266.75,"1,266.82","1,424.95",659.5,"20,22,402","2,56,20,11,999.65","76,352",1091.9276903922623,1293.7165175776695,1221.1783027523738
2024-05-13,EQ,"1,267.00","1,313.00","1,261.65","1,266.75","1,305.10",1306.4,"1,285.75","1,424.95",659.5,"24,95,810","3,20,89,84,127.40","97,610",1094.0617432241802,1294.2139090452122,1222.865861113713
2024-05-14,EQ,"1,306.40","1,339.90","1,285.25","1,306.40","1,332.35",1331.25,"1,322.05","1,424.95",659.5,"29,89,543","3,95,23,24,253.50","1,07,922",1096.4218253811537,1295.6663047689294,1225.0120816857186
2024-05-15,EQ,"1,337.85","1,353.95","1,333.00","1,331.25","1,337.60",1337.85,"1,341.63","1,424.95",659.5,"21,89,768","2,93,78,67,131.10","95,993",1098.824095775371,1297.3205673270106,1227.2464959097638
2024-05-16,EQ,"1,352.20","1,366.75","1,310.50","1,337.85","1,342.00",1345.05,"1,340.27","1,424.95",659.5,"48,22,618","6,46,36,30,277.00","1,83,724",1101.274104772631,1299.192309784775,1229.579238565016
2024-05-17,EQ,"1,330.00","1,343.30","1,321.15","1,345.05","1,335.75",1335.7,"1,334.80","1,424.95",659.5,"19,45,123","2,59,63,57,383.70","1,04,349",1103.6067007450429,1300.6239839108623,1231.6806397815503
2024-05-18,EQ,"1,342.00","1,345.20","1,335.10","1,335.70","1,345.00",1340.2,"1,339.83","1,424.95",659.5,"1,92,526","25,79,52,577.10","7,543",1105.9608629266845,1302.1759845418092,1233.829538003698
2024-05-21,EQ,"1,344.00","1,398.80","1,333.00","1,340.20","1,382.55",1385.5,"1,374.34","1,424.95",693.15,"42,00,578","5,77,30,16,470.30","1,50,749",1108.7423468776626,1305.44359299115,1236.832913488773
2024-05-22,EQ,"1,394.35","1,394.35","1,364.20","1,385.50","1,378.10",1378.2,"1,376.40","1,424.95",693.15,"18,78,562","2,58,56,54,815.70","86,474",1111.4235175554968,1308.2967854228696,1239.6322617365204
2024-05-23,EQ,"1,384.00","1,448.80","1,369.90","1,378.20","1,444.35",1443.35,"1,414.99","1,448.80",693.15,"78,21,034","11,06,66,96,592.30","2,19,904",1114.7262686245963,1313.5929899160903,1243.6662763555992
2024-05-24,EQ,"1,435.00","1,444.95","1,382.15","1,443.35","1,416.90",1416.1,"1,401.53","1,448.80",693.15,"1,91,00,263","26,76,95,68,496.55","2,09,082",1117.7250122203716,1317.612872664479,1247.0808055366765
2024-05-27,EQ,"1,445.00","1,457.05","1,423.60","1,416.10","1,432.70",1431.65,"1,439.25","1,457.05",703.0,"55,17,078","7,94,04,67,764.90","1,49,010",1120.848643939572,1322.0849168737152,1250.7356410706034
2024-05-28,EQ,"1,438.00","1,438.00","1,398.00","1,431.65","1,400.65",1400.5,"1,411.74","1,457.05",703.0,"40,70,886","5,74,70,15,585.60","1,22,574",1123.6312444973871,1325.1600181727854,1253.7012719404925
2024-05-29,EQ,"1,406.00","1,427.85","1,382.90","1,400.50","1,409.00",1410.0,"1,407.34","1,457.05",703.0,"32,14,475","4,52,38,63,672.40","1,03,675",1126.480684850647,1328.4870762836565,1256.7962962585025
2024-05-30,EQ,"1,410.00","1,413.65","1,373.65","1,410.00","1,390.00",1383.5,"1,395.79","1,457.05",703.0,"34,77,661","4,85,40,71,188.60","1,33,342",1129.0380909715363,1330.6444458411602,1259.3052804910074
2024-05-31,EQ,"1,391.00","1,451.00","1,391.00","1,383.50","1,439.00",1437.4,"1,428.68","1,457.05",703.0,"82,38,969","11,77,08,30,477.85","2,13,346",1132.106368673312,1334.8309381611148,1262.8319086000963
2024-06-03,EQ,"1,549.00","1,621.40","1,535.00","1,437.40","1,590.00",1583.95,"1,578.73","1,621.40",703.0,"2,33,98,347","36,93,97,04,359.30","4,30,815",1136.602325203926,1344.6003131351886,1269.1906826872232
2024-06-04,EQ,"1,558.00","1,558.00","1,188.00","1,583.95","1,245.00",1248.95,"1,337.42","1,621.40",703.0,"5,21,09,624","69,69,25,66,425.95","11,84,624",1137.72021251533,1340.8493204632205,1268.7898770894562
2024-06-05,EQ,"1,281.00","1,368.00","1,160.60","1,248.95","1,340.00",1354.6,"1,272.58","1,621.40",703.0,"2,08,79,925","26,57,13,28,175.55","8,27,827",1139.8782203509982,1341.388562797996,1270.4890874441203
2024-06-06,EQ,"1,384.00","1,404.00","1,344.80","1,354.60","1,357.00",1352.95,"1,370.84","1,621.40",703.0,"1,21,53,840","16,66,09,20,649.10","4,41,222",1141.998337561436,1341.841952492192,1272.1219768016626
2024-06-07,EQ,"1,357.70","1,385.00","1,355.05","1,352.95","1,378.00",1378.85,"1,374.17","1,621.40",703.0,"58,84,018","8,08,56,13,692.45","1,61,288",1144.355070521024,1343.2932484728906,1274.23540300361
2024-06-10,EQ,"1,404.00","1,415.35","1,381.25","1,378.85","1,383.90",1384.05,"1,396.94","1,621.40",703.0,"48,43,234","6,76,57,08,500.30","1,87,698",1146.7400946949442,1344.891552454346,1276.409949478786
2024-06-11,EQ,"1,391.00","1,418.80","1,384.05","1,384.05","1,406.00",1403.45,"1,402.32","1,621.40",703.0,"41,22,878","5,78,15,77,228.25","1,12,681",1149.2944221109149,1347.1879621620185,1278.9255940435626
2024-06-12,EQ,"1,411.75","1,414.45","1,390.60","1,403.45","1,394.90",1393.95,"1,401.65","1,621.40",703.0,"32,58,265","4,56,69,36,210.75","1,17,720",1151.728805970508,1349.0217675674296,1281.2033050526009
2024-06-13,EQ,"1,403.60","1,411.00","1,388.05","1,393.95","1,404.00",1404.45,"1,401.02","1,621.40",703.0,"28,39,159","3,97,77,27,755.35","1,17,279",1154.24344471707,1351.1954237412558,1283.6438336654207
2024-06-14,EQ,"1,409.00","1,442.00","1,395.45","1,404.45","1,429.70",1430.7,"1,425.58","1,621.40",703.0,"56,51,491","8,05,66,35,246.35","1,49,880",1156.994256212423,1354.3132502612066,1286.555836959175
2024-06-18,EQ,"1,447.00","1,458.60","1,434.05","1,430.70","1,444.00",1445.0,"1,443.89","1,621.40",703.0,"56,51,898","8,16,07,35,207.70","1,21,761",1159.8599850063288,1357.8695933882182,1289.693345138201
2024-06-19,EQ,"1,446.00","1,452.00","1,420.45","1,445.00","1,452.00",1448.4,"1,438.23","1,621.40",703.0,"44,84,742","6,45,01,11,310.85","1,53,477",1162.7310299316391,1361.4198054122096,1292.8360511750684
2024-06-20,EQ,"1,459.30","1,476.80","1,444.10","1,448.40","1,470.75",1469.4,"1,464.46","1,621.40",703.0,"49,05,603","7,18,40,40,756.10","1,72,729",1165.7824624696327,1365.654322847025,1296.332366993384
2024-06-21,EQ,"1,479.95","1,498.90","1,470.00","1,469.40","1,475.95",1485.5,"1,485.14","1,621.40",703.0,"2,58,91,893","38,45,30,16,485.20","2,22,567",1168.9637314997856,1370.3541533236123,1300.078260716287
2024-06-24,EQ,"1,474.85","1,479.65","1,450.20","1,485.50","1,460.25",1460.25,"1,461.90","1,621.40",705.1,"30,09,931","4,40,02,18,717.50","1,03,413",1171.8621023306337,1373.879480644255,1303.2499783258656
2024-06-25,EQ,"1,466.15","1,468.90","1,437.00","1,460.25","1,454.50",1456.15,"1,450.20","1,621.40",705.1,"33,43,186","4,84,82,98,140.85","1,08,468",1174.6908376308263,1377.1057755209508,1306.2777015273336
2024-06-26,EQ,"1,458.90","1,474.50","1,451.05","1,456.15","1,472.00",1467.8,"1,463.53","1,621.40",705.1,"32,17,949","4,70,95,75,273.85","97,672",1177.607346709127,1380.6624117750312,1309.476162883228
2024-06-27,EQ,"1,475.60","1,494.00","1,459.00","1,467.80","1,488.00",1485.5,"1,474.58","1,621.40",705.1,"78,03,408","11,50,67,29,527.65","1,89,880",1180.6709551995832,1384.7736897446375,1312.9617834201938
2024-06-28,EQ,"1,480.00","1,494.00","1,445.00","1,485.50","1,475.00",1478.1,"1,458.03","1,621.40",705.1,"1,15,34,763","16,81,79,84,974.30","1,19,211",1183.630448182672,1388.4335450487697,1316.2318471148435
2024-07-01,EQ,"1,483.00","1,491.40","1,471.60","1,478.10","1,475.00",1474.5,"1,479.65","1,621.40",708.0,"33,72,730","4,99,04,54,948.95","81,073",1186.5246725788645,1391.8087001448964,1319.3658699442526
2024-07-02,EQ,"1,479.50","1,489.60","1,455.05","1,474.50","1,474.50",1474.85,"1,468.63","1,621.40",708.0,"53,68,562","7,88,44,41,260.00","87,468",1189.393581309423,1395.0652217078416,1322.444763608723
2024-07-03,EQ,"1,479.80","1,514.00","1,470.80","1,474.85","1,510.05",1510.65,"1,493.66","1,621.40",708.0,"44,35,563","6,62,52,41,814.30","95,534",1192.5901625899264,1399.5979581114557,1326.1715999729067
2024-07-04,EQ,"1,514.65","1,520.00","1,494.35","1,510.65","1,501.95",1503.65,"1,507.38","1,621.40",708.0,"29,80,840","4,49,32,66,923.05","1,04,740",1195.6852853502255,1403.678430342379,1329.6860237358196
2024-07-05,EQ,"1,508.00","1,509.50","1,493.90","1,503.65","1,499.50",1500.45,"1,501.11","1,621.40",708.0,"21,11,633","3,16,97,85,119.55","79,173",1198.7177700731088,1407.473393858364,1333.067488612338
2024-07-08,EQ,"1,496.00","1,501.05","1,469.00","1,500.45","1,477.00",1475.3,"1,479.26","1,621.40",708.0,"21,77,821","3,22,15,61,355.15","98,212",1201.4698320624311,1410.1332607658792,1335.8839739863513
2024-07-09,EQ,"1,480.00","1,503.95","1,475.00","1,475.30","1,479.65",1478.0,"1,486.04","1,621.40",708.0,"22,56,634","3,35,34,51,582.40","1,13,670",1204.2213760220088,1412.7947015201585,1338.6981527192947
2024-07-10,EQ,"1,492.00","1,494.45","1,460.00","1,478.00","1,487.80",1487.8,"1,481.57","1,621.40",708.0,"20,82,079","3,08,47,49,713.40","84,527",1207.043053872536,1415.73608577427,1341.6506645466354
2024-07-11,EQ,"1,495.00","1,498.50","1,477.90","1,487.80","1,487.75",1483.85,"1,486.33","1,621.40",708.0,"17,65,496","2,62,41,01,951.50","87,382",1209.7973518439535,1418.4072196654752,1344.4664929714545
2024-07-12,EQ,"1,490.00","1,497.00","1,481.15","1,483.85","1,485.00",1486.7,"1,489.18","1,621.40",708.0,"20,18,935","3,00,65,52,791.60","86,580",1212.552602074362,1421.085367913888,1347.2829980611286
2024-07-15,EQ,"1,494.00","1,505.00","1,485.30","1,486.70","1,496.00",1495.05,"1,495.67","1,621.40",725.6,"19,13,095","2,86,13,62,652.65","63,528",1215.3635214567068,1423.9859417211865,1350.2090773074428
2024-07-16,EQ,"1,496.00","1,510.60","1,493.25","1,495.05","1,497.50",1499.05,"1,501.06","1,621.40",725.6,"21,70,314","3,25,77,66,731.35","64,539",1218.1862724869884,1426.92963028114,1353.156422311256
2024-07-18,EQ,"1,490.00","1,504.25","1,472.20","1,499.05","1,491.95",1493.9,"1,489.15","1,621.40",725.6,"32,63,419","4,85,97,07,863.25","1,05,528",1220.9296926612471,1429.5559192897226,1355.943423849647
2024-07-19,EQ,"1,492.55","1,502.20","1,465.50","1,493.90","1,470.00",1469.3,"1,479.53","1,621.40",725.6,"25,68,243","3,79,97,80,575.70","83,798",1223.4010390029264,1431.1145106901256,1358.1881085258915
2024-07-22,EQ,"1,470.00","1,475.00","1,442.55","1,469.30","1,468.00",1467.35,"1,466.16","1,621.40",728.45,"17,21,261","2,52,36,52,273.05","75,158",1225.8283918486686,1432.535510270905,1360.34973013924
2024-07-23,EQ,"1,468.00","1,517.00","1,419.00","1,467.35","1,508.00",1507.35,"1,488.92","1,621.40",728.45,"59,87,213","8,91,44,53,567.70","1,72,606",1228.6296018800251,1435.4694118289087,1363.2606265721265
2024-07-24,EQ,"1,508.00","1,513.55","1,480.00","1,507.35","1,487.50",1484.8,"1,492.56","1,621.40",728.45,"22,01,442","3,28,57,89,049.50","1,23,454",1231.1785610652985,1437.4039446983634,1365.667346838025
2024-07-25,EQ,"1,471.00","1,499.45","1,466.85","1,484.80","1,490.00",1487.0,"1,485.89","1,621.40",728.45,"22,11,808","3,28,65,00,546.50","1,04,576",1233.7240480198725,1439.3488880435257,1368.0699736333115
2024-07-26,EQ,"1,495.90","1,547.90","1,490.00","1,487.00","1,540.75",1542.75,"1,530.59","1,621.40",728.45,"45,00,728","6,88,87,65,032.15","2,29,011",1236.798933114202,1443.4038336104463,1371.5289840564142
2024-07-29,EQ,"1,547.90","1,559.00","1,540.00","1,542.75","1,550.00",1548.7,"1,549.93","1,621.40",751.55,"19,28,637","2,98,92,50,869.30","90,622",1239.902426317046,1447.5330950374878,1375.037321005792
2024-07-30,EQ,"1,554.60","1,556.90","1,536.00","1,548.70","1,549.25",1546.25,"1,546.52","1,621.40",751.55,"28,00,881","4,33,16,16,174.95","92,520",1242.9506608810557,1451.4043462124885,1378.427671084885
2024-07-31,EQ,"1,557.00","1,577.90","1,547.00","1,546.25","1,573.00",1569.9,"1,566.77","1,621.40",751.55,"26,22,023","4,10,81,14,432.50","88,413",1246.2038881359706,1456.0512345963125,1382.2192023505313
2024-08-01,EQ,"1,580.95","1,604.95","1,568.50","1,569.90","1,588.95",1590.15,"1,588.00","1,621.40",751.55,"71,60,588","11,37,10,43,601.55","2,39,326",1249.6262375077522,1461.3100097101826,1386.3366438881444
2024-08-02,EQ,"1,579.95","1,599.70","1,550.20","1,590.15","1,586.05",1588.0,"1,578.81","1,621.40",751.55,"43,13,297","6,80,98,82,959.75","1,61,328",1252.993140617128,1466.2782446235087,1390.3299776725376
2024-08-05,EQ,"1,540.00","1,563.45","1,471.55","1,588.00","1,494.00",1493.85,"1,509.80","1,621.40",754.5,"71,47,230","10,79,08,98,197.95","2,99,694",1255.3897262826292,1467.3594899323907,1392.3798791047643
2024-08-06,EQ,"1,524.90","1,539.75","1,488.10","1,493.85","1,500.95",1494.1,"1,516.13","1,621.40",754.5,"31,59,971","4,79,09,41,044.30","1,64,525",1257.764952886782,1468.4081373860224,1394.394138924472
2024-08-07,EQ,"1,520.00","1,547.85","1,514.20","1,494.10","1,544.15",1543.8,"1,533.90","1,621.40",754.5,"22,58,441","3,46,42,20,318.30","1,06,615",1260.6110727585556,1471.3646810179432,1397.3526708269578
2024-08-08,EQ,"1,538.00","1,556.00","1,513.80","1,543.80","1,520.00",1519.0,"1,534.37","1,621.40",754.5,"24,68,123","3,78,70,21,449.00","1,12,588",1263.1821068604604,1473.2327327427297,1399.7615288303843
2024-08-09,EQ,"1,541.50","1,543.50","1,519.00","1,519.00","1,532.00",1533.8,"1,530.43","1,621.40",754.5,"15,03,033","2,30,02,87,764.75","68,808",1265.8748222150828,1475.6079196939954,1402.415755982258
2024-08-12,EQ,"1,500.00","1,524.25","1,457.35","1,533.80","1,498.00",1501.4,"1,498.22","1,621.40",754.5,"92,30,512","13,82,93,53,505.10","2,45,831",1268.2183563223955,1476.6193738236427,1404.3758400222132
2024-08-13,EQ,"1,505.85","1,517.45","1,479.50","1,501.40","1,482.00",1483.45,"1,495.83","1,621.40",754.5,"24,85,446","3,71,77,98,494.10","98,171",1270.3599647171975,1476.8872415168332,1405.9416649722684
2024-08-14,EQ,"1,488.00","1,488.00","1,452.00","1,483.45","1,460.00",1461.95,"1,462.11","1,621.40",754.5,"26,48,057","3,87,17,39,995.40","1,17,146",1272.2663332274742,1476.3014673397024,1407.0507409134116
2024-08-16,EQ,"1,471.20","1,497.20","1,457.05","1,461.95","1,490.00",1493.45,"1,477.78","1,621.40",754.5,"19,85,315","2,93,38,57,487.05","91,234",1274.4671657326735,1476.973958816577,1408.761617330968
2024-08-19,EQ,"1,500.95","1,507.00","1,490.00","1,493.45","1,496.00",1496.45,"1,495.87","1,621.40",754.5,"13,43,387","2,00,95,27,233.35","60,241",1276.675950153244,1477.7377251374955,1410.4980209481764
2024-08-20,EQ,"1,504.95","1,510.00","1,486.30","1,496.45","1,492.00",1492.55,"1,493.44","1,621.40",754.5,"9,90,643","1,47,94,61,802.95","46,180",1278.8239506492318,1478.3185986615154,1412.1228126125689
2024-08-21,EQ,"1,499.10","1,517.00","1,492.55","1,492.55","1,502.95",1503.5,"1,505.56","1,621.40",754.5,"15,51,436","2,33,57,78,138.60","64,364",1281.0595332298365,1479.306104596358,1413.9322618677654
2024-08-22,EQ,"1,507.00","1,509.50","1,490.40","1,503.50","1,491.10",1492.3,"1,499.39","1,621.40",754.5,"14,42,064","2,16,22,20,158.05","75,566",1283.161428421579,1479.815669121991,1415.4840982664234
2024-08-23,EQ,"1,493.00","1,503.00","1,486.10","1,492.30","1,495.00",1491.3,"1,493.27","1,621.40",754.5,"11,81,075","1,76,36,63,862.30","55,601",1285.2324589845489,1480.2660350387755,1416.985403251247
2024-08-26,EQ,"1,495.50","1,497.00","1,480.00","1,491.30","1,481.00",1482.55,"1,485.34","1,621.40",754.5,"10,87,057","1,61,46,50,953.55","46,379",1287.195817601618,1480.3556022921573,1418.2837120977565
2024-08-27,EQ,"1,484.90","1,496.90","1,475.60","1,482.55","1,479.50",1478.35,"1,483.60","1,621.40",754.5,"9,10,064","1,35,01,69,570.15","52,380",1289.0978492672737,1480.2769512218767,1419.473143541365
2024-08-28,EQ,"1,479.40","1,486.40","1,467.00","1,478.35","1,470.50",1469.8,"1,479.20","1,621.40",754.5,"12,25,101","1,81,21,74,262.15","53,059",1290.8958806178482,1479.8660903896464,1420.4697149563874
2024-08-29,EQ,"1,472.05","1,483.00","1,452.60","1,469.80","1,481.00",1476.05,"1,469.38","1,621.40",754.5,"33,59,850","4,93,68,94,499.65","1,42,636",1292.7382101639394,1479.7164397861309,1421.5703146602214
2024-08-30,EQ,"1,480.95","1,487.00","1,466.00","1,476.05","1,482.00",1481.9,"1,476.75","1,621.40",754.5,"19,96,592","2,94,84,74,397.45","87,242",1294.6204170279798,1479.8020695984394,1422.7649618946723
2024-09-02,EQ,"1,490.00","1,499.50","1,478.80","1,481.90","1,494.55",1494.5,"1,489.10","1,621.40",754.5,"20,54,244","3,05,89,67,094.50","66,290",1296.6092685998408,1480.3784590259515,1424.1854576987384
2024-09-03,EQ,"1,494.50","1,498.10","1,476.60","1,494.50","1,478.30",1479.55,"1,485.19","1,621.40",754.5,"8,82,478","1,31,06,47,610.70","51,825",1298.429574384917,1480.3459704366985,1425.2817852690605
2024-09-04,EQ,"1,472.00","1,475.15","1,461.05","1,479.55","1,473.40",1472.1,"1,469.92","1,621.40",754.5,"11,22,071","1,64,93,59,208.35","63,757",1300.1576383213858,1480.0225990470242,1426.2088786300692
2024-09-05,EQ,"1,476.75","1,476.80","1,463.00","1,472.10","1,465.00",1465.55,"1,467.49","1,621.40",754.5,"9,59,956","1,40,87,21,078.00","56,018",1301.8033334624663,1479.4550461432193,1426.9879107364045
2024-09-06,EQ,"1,465.60","1,468.75","1,427.55","1,465.55","1,442.00",1442.4,"1,442.65","1,621.40",754.5,"33,40,767","4,81,95,63,515.30","1,17,630",1303.20230526881,1478.0019070787794,1427.2931006228123
2024-09-09,EQ,"1,431.00","1,441.60","1,411.00","1,442.40","1,439.00",1435.9,"1,427.64","1,621.40",754.5,"16,21,371","2,31,47,32,464.10","73,544",1304.5226803407622,1476.3508518992194,1427.4635342738457
2024-09-10,EQ,"1,439.00","1,464.00","1,435.00","1,435.90","1,449.00",1453.4,"1,451.93","1,621.40",754.5,"15,42,798","2,24,00,33,934.20","78,922",1306.0040467055308,1475.4508184914068,1427.9771276545614
2024-09-11,EQ,"1,454.95","1,457.85","1,425.10","1,453.40","1,431.70",1430.6,"1,441.83","1,621.40",754.5,"16,37,596","2,36,11,30,536.45","85,430",1307.243807434829,1473.6919628642927,1428.0290657208077
2024-09-12,EQ,"1,444.00","1,475.00","1,440.20","1,430.60","1,468.55",1472.6,"1,460.68","1,621.40",754.5,"40,03,674","5,84,80,94,977.85","1,68,362",1308.8891426842338,1473.6491407911833,1428.9116584788114
2024-09-13,EQ,"1,472.95","1,475.65","1,450.00","1,472.60","1,451.55",1452.1,"1,457.25","1,621.40",754.5,"16,83,544","2,45,33,41,570.35","81,458",1310.314126339117,1472.804076446431,1429.370833558439
2024-09-16,EQ,"1,455.10","1,461.15","1,438.80","1,452.10","1,440.50",1440.7,"1,448.09","1,621.40",754.5,"16,73,805","2,42,38,24,123.95","55,293",1311.6114982163397,1471.545093056375,1429.5951734879748
2024-09-17,EQ,"1,442.80","1,445.00","1,420.10","1,440.70","1,428.50",1426.6,"1,428.29","1,621.40",754.5,"13,21,316","1,88,72,20,057.75","68,586",1312.755662413192,1469.7825403874976,1429.5358631218762
2024-09-18,EQ,"1,430.00","1,439.25","1,415.05","1,426.60","1,428.00",1428.8,"1,428.36","1,621.40",754.5,"14,21,406","2,03,02,79,628.20","63,378",1313.9103324389314,1468.1753819409291,1429.5212915749082
2024-09-19,EQ,"1,433.00","1,438.00","1,394.45","1,428.80","1,410.90",1408.2,"1,410.00","1,621.40",754.5,"20,72,872","2,92,27,51,327.75","1,09,397",1314.848538086305,1465.82340617854,1429.0990877813456
2024-09-20,EQ,"1,418.95","1,453.05","1,409.20","1,408.20","1,441.00",1438.7,"1,435.87","1,621.40",754.5,"44,07,151","6,32,80,82,681.90","1,55,204",1316.0808909411678,1464.7597431911463,1429.2892048549822
2024-09-23,EQ,"1,448.00","1,458.95","1,443.85","1,438.70","1,457.90",1456.15,"1,454.00","1,621.40",754.5,"11,39,915","1,65,74,42,038.20","45,678",1317.4746134193651,1464.4221062032582,1429.821101788547
2024-09-24,EQ,"1,456.15","1,465.85","1,447.00","1,456.15","1,458.00",1456.65,"1,455.10","1,621.40",754.5,"15,37,307","2,23,69,43,027.20","70,343",1318.8594431365857,1464.1173177246992,1430.352367099665
2024-09-25,EQ,"1,459.00","1,464.00","1,438.20","1,456.65","1,450.15",1452.55,"1,447.61","1,621.40",754.5,"12,27,806","1,77,73,84,834.05","59,713",1320.189697433734,1463.66369742177,1430.7919241868003
2024-09-26,EQ,"1,456.85","1,475.75","1,448.00","1,452.55","1,474.10",1472.6,"1,462.10","1,621.40",754.5,"20,66,994","3,02,21,53,950.90","89,388",1321.706217857279,1464.014140660132,1431.6198068761703
2024-09-27,EQ,"1,485.00","1,485.00","1,452.45","1,472.60","1,455.95",1456.7,"1,464.19","1,621.40",754.5,"26,94,100","3,94,46,67,724.45","1,11,455",1323.049439570142,1463.7273116146366,1432.116444363771
2024-09-30,EQ,"1,456.70","1,468.75","1,444.00","1,456.70","1,446.90",1448.2,"1,451.26","1,621.40",754.5,"20,42,408","2,96,40,72,158.65","84,409",1324.294718778399,1463.1183974336705,1432.4349306139934
2024-10-01,EQ,"1,448.20","1,472.85","1,448.00","1,448.20","1,463.20",1467.5,"1,461.98","1,621.40",754.5,"16,87,795","2,46,75,16,453.45","99,327",1325.7196469497587,1463.2902249852912,1433.1292884236177
2024-10-03,EQ,"1,452.75","1,469.00","1,414.20","1,467.50","1,426.05",1425.2,"1,440.00","1,621.40",754.5,"39,67,953","5,71,38,38,720.15","1,27,891",1326.709501208965,1461.796490672143,1432.9722728112686
2024-10-04,EQ,"1,424.80","1,446.40","1,404.20","1,425.20","1,410.00",1413.7,"1,424.38","1,621.40",754.5,"26,11,371","3,71,95,90,982.10","1,07,828",1327.5750783113638,1459.9103537830392,1432.590643646689
2024-10-07,EQ,"1,410.00","1,423.90","1,337.00","1,413.70","1,353.00",1355.2,"1,363.29","1,621.40",754.5,"45,31,821","6,17,82,03,319.45","2,30,968",1327.8499531540367,1455.8040653993908,1431.0581556536852
2024-10-08,EQ,"1,342.00","1,424.35","1,342.00","1,355.20","1,421.00",1418.55,"1,399.43","1,621.40",754.5,"30,31,170","4,24,19,18,740.60","1,42,022",1328.752441182355,1454.343121658238,1430.8104694031172
2024-10-09,EQ,"1,424.75","1,432.95","1,404.35","1,418.55","1,410.75",1408.15,"1,419.33","1,621.40",754.5,"15,07,508","2,13,96,57,465.90","79,759",1329.542466643227,1452.5316266912484,1430.3617472367189
2024-10-10,EQ,"1,417.00","1,430.05","1,406.85","1,408.15","1,417.60",1417.2,"1,416.57","1,621.40",754.5,"16,28,495","2,30,68,69,891.95","85,313",1330.4146809054837,1451.1460727033564,1430.1011185785658
2024-10-11,EQ,"1,415.20","1,426.85","1,405.20","1,417.20","1,408.65",1408.25,"1,412.96","1,621.40",754.5,"11,58,809","1,63,73,54,956.95","54,411",1331.1891616924938,1449.463873773813,1429.6684231611684
2024-10-14,EQ,"1,418.00","1,426.00","1,407.15","1,408.25","1,408.40",1410.3,"1,414.48","1,621.40",754.5,"7,62,384","1,07,83,77,759.85","46,888",1331.9763342129663,1447.928035586605,1429.284890029264
2024-10-15,EQ,"1,415.95","1,424.70","1,407.00","1,410.30","1,419.30",1420.3,"1,417.81","1,621.40",754.5,"10,18,477","1,44,40,09,120.15","50,547",1332.8551766586088,1446.8445832106595,1429.1069714148232
2024-10-16,EQ,"1,418.00","1,418.40","1,392.00","1,420.30","1,400.50",1403.8,"1,404.69","1,621.40",754.5,"14,50,465","2,03,74,48,591.05","81,228",1333.5610952988218,1445.1565603396532,1428.605843267995
2024-10-17,EQ,"1,403.80","1,408.00","1,387.55","1,403.80","1,392.70",1394.7,"1,397.01","1,621.40",754.5,"14,18,861","1,98,21,64,017.25","69,893",1334.1694426092813,1443.1778716988829,1427.934440431005
2024-10-18,EQ,"1,389.00","1,410.55","1,376.00","1,394.70","1,405.10",1405.6,"1,398.94","1,621.40",754.5,"12,90,065","1,80,47,23,667.40","88,317",1334.8801944241145,1441.704229671475,1427.4921742838562
2024-10-21,EQ,"1,409.90","1,412.90","1,371.30","1,405.60","1,375.80",1375.5,"1,383.23","1,621.40",754.5,"16,44,382","2,27,45,63,360.60","1,07,358",1335.2843715940237,1439.1079853706333,1426.4626262782351
2024-10-22,EQ,"1,374.70","1,387.10","1,353.90","1,375.50","1,365.00",1362.85,"1,365.63","1,621.40",754.5,"24,67,299","3,36,94,11,719.20","1,51,875",1335.5586564537844,1436.1174761404125,1425.2029703123296
2024-10-23,EQ,"1,362.80","1,370.80","1,335.20","1,362.85","1,339.20",1340.45,"1,348.49","1,621.40",754.5,"19,16,219","2,58,40,05,349.90","1,07,069",1335.607326538821,1432.365810409416,1423.5246936724814
2024-10-24,EQ,"1,345.00","1,359.00","1,336.20","1,340.45","1,357.00",1354.4,"1,350.24","1,621.40",754.5,"11,15,993","1,50,68,58,749.75","76,893",1335.7943183145546,1429.3083276482623,1422.1558878571846
2024-10-25,EQ,"1,360.00","1,368.00","1,304.15","1,354.40","1,323.00",1318.7,"1,318.68","1,621.40",754.5,"20,78,274","2,74,05,82,098.80","1,09,779",1335.624225595007,1424.97074617186,1420.107256414468
2024-10-28,EQ,"1,326.85","1,364.10","1,303.15","1,318.70","1,356.05",1352.2,"1,341.34","1,621.40",767.2,"21,26,411","2,85,22,31,410.20","1,10,924",1335.7891586736637,1422.1169914200225,1418.762558267647
2024-10-29,EQ,"1,364.70","1,377.45","1,322.00","1,352.20","1,377.00",1372.7,"1,352.39","1,621.40",767.2,"37,90,528","5,12,62,69,977.10","1,78,528",1336.1564307266622,1420.1790701878645,1417.8504284009605
2024-10-30,EQ,"1,379.95","1,414.90","1,358.05","1,372.70","1,393.50",1396.2,"1,396.56","1,621.40",767.2,"25,26,884","3,52,89,34,693.50","88,072",1336.753879177143,1419.238714494223,1417.4217070464858
2024-10-31,EQ,"1,407.95","1,408.00","1,372.10","1,396.20","1,376.00",1375.95,"1,381.31","1,621.40",767.2,"18,91,761","2,61,31,17,369.65","76,316",1337.1438903296091,1417.5411178473903,1416.600485124773
2024-11-01,EQ,"1,386.50","1,397.95","1,378.40","1,375.95","1,394.10",1394.4,"1,393.15","1,621.40",767.2,"2,43,881","33,97,61,791.80","13,788",1337.7136028636432,1416.633623029846,1416.1608715579457
2024-11-04,EQ,"1,394.20","1,395.00","1,336.00","1,394.40","1,349.00",1349.25,"1,351.15","1,621.40",785.0,"17,00,308","2,29,73,74,190.50","1,02,642",1337.8283928849005,1413.9911280090678,1414.835903804323
2024-11-05,EQ,"1,350.00","1,353.05","1,295.90","1,349.25","1,329.00",1329.35,"1,316.11","1,621.40",785.0,"48,52,958","6,38,70,25,885.50","1,86,297",1337.744030766643,1410.6718680871436,1413.14311362998
2024-11-06,EQ,"1,330.00","1,382.00","1,315.20","1,329.35","1,372.20",1370.0,"1,348.32","1,621.40",785.0,"36,45,515","4,91,53,15,246.10","1,03,850",1338.064985684388,1409.07689286804,1412.2887945481982
2024-11-07,EQ,"1,372.95","1,372.95","1,350.00","1,370.00","1,351.00",1353.1,"1,357.38","1,621.40",785.0,"12,92,794","1,75,48,11,192.90","73,071",1338.2145878168817,1406.881720598705,1411.11673921061
2024-11-08,EQ,"1,353.10","1,367.30","1,338.60","1,353.10","1,351.95",1362.1,"1,354.50","1,621.40",785.0,"14,00,491","1,89,69,71,997.50","71,278",1338.4522536097486,1405.1255746928734,1410.1461107113898
2024-11-11,EQ,"1,355.10","1,357.95","1,339.05","1,362.10","1,342.75",1347.9,"1,348.28","1,621.40",785.0,"12,69,498","1,71,16,38,901.85","74,074",1338.5462610365173,1402.8814345088392,1408.9135144596792
2024-11-12,EQ,"1,348.05","1,354.80","1,320.00","1,347.90","1,321.00",1326.0,"1,338.08","1,621.40",785.0,"10,38,042","1,38,89,87,641.85","68,992",1338.4214226182437,1399.8664762928065,1407.2716626882004
2024-11-13,EQ,"1,322.00","1,329.25","1,284.85","1,326.00","1,287.35",1287.9,"1,301.38","1,621.40",785.0,"14,37,072","1,87,01,77,239.25","94,055",1337.9187218956745,1395.4756340852452,1404.907867387444
2024-11-14,EQ,"1,289.95","1,296.65","1,260.65","1,287.90","1,264.95",1264.55,"1,272.67","1,621.40",785.0,"29,63,013","3,77,09,32,012.10","1,52,378",1337.1886848618865,1390.3412954936668,1402.1285036768015
2024-11-18,EQ,"1,264.00","1,288.90","1,261.30","1,264.55","1,279.20",1279.3,"1,275.75","1,621.40",785.0,"14,45,637","1,84,42,72,542.35","95,416",1336.6126780473403,1385.986734886072,1399.696256079241
2024-11-19,EQ,"1,285.00","1,321.45","1,282.00","1,279.30","1,287.20",1289.65,"1,304.76","1,621.40",785.0,"26,31,778","3,43,38,51,541.55","90,392",1336.145387718511,1382.2088237140692,1397.5171222954937
2024-11-21,EQ,"1,160.70","1,160.70",995.65,"1,289.65","1,119.05",1114.65,"1,080.76","1,621.40",785.0,"4,69,26,687","50,71,63,19,514.70","8,48,188",1333.9414535123567,1371.7163208233214,1391.915793141127
2024-11-22,EQ,"1,072.60","1,155.90","1,054.00","1,114.65","1,138.00",1136.75,"1,108.59","1,621.40",785.0,"2,70,86,168","30,02,74,76,076.45","6,71,336",1331.9793494973085,1362.5019553008383,1386.863005158135
2024-11-25,EQ,"1,185.00","1,191.40","1,139.70","1,136.75","1,163.15",1166.8,"1,166.94","1,621.40",806.0,"1,05,32,688","12,29,09,89,343.60","3,07,565",1330.3357738804198,1354.8273688184524,1382.5053218876765
2024-11-26,EQ,"1,172.05","1,174.45","1,119.35","1,166.80","1,131.50",1128.85,"1,138.13","1,621.40",806.0,"58,02,555","6,60,40,66,104.80","1,86,664",1328.3309403094704,1345.9655112177288,1377.4824442265344
2024-11-27,EQ,"1,102.00","1,231.70","1,102.00","1,128.85","1,195.50",1199.95,"1,177.88","1,621.40",806.0,"2,44,34,211","28,78,05,75,885.25","4,99,104",1327.053518017834,1340.239412738602,1373.9669502814545
2024-11-28,EQ,"1,196.65","1,226.90","1,163.15","1,199.95","1,169.55",1167.6,"1,193.73","1,621.40",806.0,"1,56,02,469","18,62,51,37,899.45","3,89,745",1325.4669158485024,1333.4692396900296,1369.8804760184553
2024-11-29,EQ,"1,175.00","1,215.60","1,168.90","1,167.60","1,187.50",1190.05,"1,189.48","1,621.40",806.0,"94,12,850","11,19,63,71,039.30","2,37,926",1324.1194838500098,1327.8449557806168,1366.319476493337
2024-12-02,EQ,"1,201.90","1,220.90","1,189.40","1,190.05","1,215.50",1215.8,"1,204.75","1,621.40",858.5,"69,41,125","8,36,22,94,291.90","1,93,832",1323.0416780405571,1323.451035946083,1363.3388928004
2024-12-03,EQ,"1,226.95","1,309.50","1,220.00","1,215.80","1,287.00",1288.65,"1,280.12","1,621.40",858.5,"1,67,53,958","21,44,71,21,858.75","3,87,986",1322.69947228891,1322.0862894383936,1361.8599048241545
2024-12-04,EQ,"1,301.00","1,301.00","1,262.00","1,288.65","1,267.80",1269.55,"1,276.40","1,621.40",858.5,"48,74,025","6,22,12,25,413.60","1,58,425",1322.1706218183735,1320.0260427937508,1360.0319859167455
2024-12-05,EQ,"1,274.00","1,284.80","1,254.20","1,269.55","1,275.40",1277.05,"1,272.31","1,621.40",858.5,"43,69,917","5,55,98,89,531.10","1,62,308",1321.7216604072455,1318.340707782231,1358.3887782748295
2024-12-06,EQ,"1,279.00","1,282.50","1,256.10","1,277.05","1,257.80",1259.05,"1,267.45","1,621.40",858.5,"22,32,531","2,82,96,27,377.85","80,008",1321.0980617962282,1316.0155819868496,1356.4216737545355
2024-12-09,EQ,"1,257.80","1,277.55","1,249.00","1,259.05","1,266.35",1266.85,"1,265.94","1,621.40",989.25,"28,49,557","3,60,73,80,426.75","94,096",1320.558280086813,1314.0875199481495,1354.6479772445448
2024-12-10,EQ,"1,272.90","1,272.90","1,244.40","1,266.85","1,252.00",1248.75,"1,252.71","1,621.40",989.25,"24,06,907","3,01,51,60,752.75","79,731",1319.8437698371931,1311.5252642639086,1352.550987596138
2024-12-11,EQ,"1,254.10","1,258.35","1,230.75","1,248.75","1,231.95",1233.8,"1,239.73","1,621.40",989.25,"25,95,435","3,21,76,49,465.20","95,424",1318.9876129233903,1308.477214684932,1350.199482891264
2024-12-12,EQ,"1,233.80","1,268.00","1,223.45","1,233.80","1,244.15",1244.0,"1,250.42","1,621.40",989.25,"54,57,302","6,82,39,01,275.20","1,50,445",1318.2414675211676,1305.9486964619934,1348.096522834011
2024-12-13,EQ,"1,241.95","1,262.00","1,230.00","1,244.00","1,259.70",1259.95,"1,250.10","1,621.40",989.25,"28,18,291","3,52,31,40,695.35","1,00,455",1317.6614529189671,1304.1448260125037,1346.3510471343277
2024-12-16,EQ,"1,258.00","1,261.85","1,240.95","1,259.95","1,242.50",1243.15,"1,247.01","1,621.40",989.25,"13,37,624","1,66,80,24,373.20","63,737",1316.9200454272363,1301.7528720512291,1344.3074620425589
2024-12-17,EQ,"1,235.10","1,259.50","1,229.05","1,243.15","1,232.40",1231.9,"1,244.69","1,621.40",989.25,"26,84,726","3,34,16,38,505.50","82,277",1316.0740748259705,1299.0135437354947,1342.0815717050823
2024-12-18,EQ,"1,236.00","1,238.90","1,207.25","1,231.90","1,210.90",1210.05,"1,216.75","1,621.40",989.25,"19,31,870","2,35,06,08,193.15","73,020",1315.019108907304,1295.524777314495,1339.467085136665
2024-12-19,EQ,"1,187.50","1,209.00","1,185.00","1,210.05","1,204.00",1205.0,"1,201.74","1,621.40",989.25,"15,41,271","1,85,22,14,173.85","65,159",1313.924391405739,1291.9747860472598,1336.8043705795033
2024-12-20,EQ,"1,205.00","1,215.90","1,176.20","1,205.00","1,181.30",1182.45,"1,193.70","1,621.40",989.25,"30,45,185","3,63,50,49,688.20","98,212",1312.6161885061797,1287.679696398348,1333.74784838981
2024-12-23,EQ,"1,189.95","1,199.00","1,174.25","1,182.45","1,191.50",1191.8,"1,188.66","1,621.40",995.65,"15,40,796","1,83,14,79,496.05","67,782",1311.4140373767648,1283.919708304295,1330.9369999068435
2024-12-24,EQ,"1,198.00","1,203.10","1,180.00","1,191.80","1,182.00",1182.2,"1,188.44","1,621.40",995.65,"13,80,778","1,64,09,69,410.40","60,997",1310.1283255620708,1279.9307001354991,1327.9917127799754
2024-12-26,EQ,"1,187.00","1,249.00","1,182.55","1,182.20","1,243.95",1243.95,"1,224.24","1,621.40",995.65,"38,27,047","4,68,52,36,771.35","1,32,311",1309.4698347604583,1278.5196922870482,1326.3275204476986
2024-12-27,EQ,"1,248.45","1,250.95","1,225.75","1,243.95","1,232.55",1230.7,"1,238.76","1,621.40",995.65,"25,95,142","3,21,47,69,129.40","82,963",1308.6860553101055,1276.6444102365758,1324.433906181407
2024-12-30,EQ,"1,233.75","1,258.80","1,212.00","1,230.70","1,226.90",1218.5,"1,227.73","1,621.40",995.65,"83,12,636","10,20,56,74,952.30","1,35,478",1307.788681625428,1274.3642372861218,1322.3362050689043
2024-12-31,EQ,"1,222.00","1,236.80","1,208.15","1,218.50","1,225.00",1231.1,"1,224.39","1,621.40",995.65,"17,17,204","2,10,25,35,524.55","64,030",1307.0256101664684,1272.6676005298034,1320.5295475427872
2025-01-01,EQ,"1,223.00","1,231.80","1,206.35","1,231.10","1,218.30",1218.7,"1,219.35","1,621.40",995.65,"19,37,930","2,36,30,13,537.75","68,696",1306.1467483737674,1270.5512240384385,1318.5131208587716
2025-01-02,EQ,"1,223.80","1,228.40","1,208.10","1,218.70","1,225.00",1226.0,"1,219.38","1,621.40",995.65,"37,72,207","4,59,97,43,559.55","96,732",1305.3492682904464,1268.8041172134017,1316.6811778714691
2025-01-03,EQ,"1,234.50","1,237.60","1,197.00","1,226.00","1,197.80",1199.55,"1,213.11","1,621.40",995.65,"30,40,564","3,68,85,31,504.40","99,733",1304.2965392527306,1266.0882694795428,1314.3617486066871
2025-01-06,EQ,"1,199.55","1,200.90","1,158.05","1,199.55","1,162.95",1163.05,"1,174.92","1,621.40",995.65,"22,98,522","2,70,05,85,418.35","1,08,068",1302.8911010512109,1262.0475530293645,1311.3654763570498
2025-01-07,EQ,"1,163.05","1,182.15","1,162.05","1,163.05","1,172.40",1174.0,"1,175.91","1,621.40",995.65,"20,10,913","2,36,46,52,541.00","68,259",1301.6086025332884,1258.5947078125266,1308.645367914336
2025-01-08,EQ,"1,183.55","1,183.55","1,141.10","1,174.00","1,152.00",1152.3,"1,153.17","1,621.40",995.65,"29,00,996","3,34,53,35,233.65","1,12,291",1300.1229447966386,1254.42628789831,1305.5494200348442
2025-01-09,EQ,"1,156.70","1,156.70","1,129.95","1,152.30","1,135.90",1132.35,"1,137.76","1,621.40",995.65,"18,84,725","2,14,43,58,746.10","91,973",1298.453562261349,1249.6389824905332,1302.1197285490057
2025-01-10,EQ,"1,134.90","1,137.40","1,106.30","1,132.35","1,113.45",1112.2,"1,120.34","1,621.40",995.65,"19,02,237","2,13,11,53,404.20","95,968",1296.6002929851163,1244.2492184712964,1298.358941845065
2025-01-13,EQ,"1,100.90","1,106.45","1,058.95","1,112.20","1,069.40",1066.65,"1,081.84","1,621.40",995.65,"22,73,302","2,45,93,55,472.30","1,11,848",1294.3122303683492,1237.284543237128,1293.7706459669448
2025-01-14,EQ,"1,078.85","1,131.40","1,075.05","1,066.65","1,122.65",1117.1,"1,114.20","1,621.40",995.65,"62,77,854","6,99,47,54,318.65","2,21,123",1292.5489245935398,1232.5714238944954,1290.272217333936
2025-01-15,EQ,"1,125.00","1,141.95","1,118.50","1,117.10","1,128.30",1128.9,"1,128.05","1,621.40",995.65,"31,35,942","3,53,75,03,297.85","1,14,597",1290.9205770851463,1228.505877859417,1287.0767278817789
2025-01-16,EQ,"1,179.95","1,190.00","1,145.40","1,128.90","1,154.05",1150.75,"1,160.96","1,621.40",995.65,"39,97,547","4,64,10,03,644.25","1,56,319",1289.5258449748464,1225.4566277472832,1284.3771887158027
2025-01-17,EQ,"1,163.00","1,173.65","1,145.50","1,150.75","1,163.00",1163.5,"1,161.24","1,621.40",995.65,"24,64,355","2,86,17,17,421.60","86,450",1288.2718564676345,1223.0269560709194,1281.9835810184602
2025-01-20,EQ,"1,172.00","1,172.00","1,146.50","1,163.50","1,148.45",1148.7,"1,154.70","1,621.40",995.65,"13,12,101","1,51,50,88,184.55","59,777",1286.883081776414,1220.1121734799028,1279.3443021864114
2025-01-21,EQ,"1,150.00","1,154.25","1,104.00","1,148.70","1,110.90",1106.2,"1,120.27","1,621.40",995.65,"31,34,022","3,51,09,61,158.00","1,24,723",1285.0852401666984,1215.6450294218675,1275.915702143116
2025-01-22,EQ,"1,115.50","1,118.05","1,080.45","1,106.20","1,101.90",1102.25,"1,094.80","1,621.40",995.65,"19,06,032","2,08,67,27,398.85","89,487",1283.265984045637,1211.1981655229708,1272.4767773482029
2025-01-23,EQ,"1,102.25","1,114.25","1,089.65","1,102.25","1,106.85",1104.0,"1,104.08","1,621.40",995.65,"19,68,815","2,17,37,32,820.25","92,800",1281.482242910855,1206.9943158946191,1269.1406035393277
2025-01-24,EQ,"1,104.15","1,115.00","1,088.25","1,104.00","1,093.50",1094.15,"1,100.77","1,621.40",995.65,"24,00,140","2,64,20,13,311.40","87,932",1279.6182404938313,1202.5690486046342,1265.675443073202
2025-01-27,EQ,"1,085.10","1,093.60","1,067.55","1,094.15","1,081.15",1082.0,"1,082.26","1,621.40",995.65,"23,71,555","2,56,66,33,041.30","1,17,596",1277.6518898421516,1197.8408506201388,1262.038305586604
2025-01-28,EQ,"1,087.00","1,096.65","1,061.25","1,082.00","1,085.00",1080.7,"1,080.90","1,621.40",995.65,"24,04,643","2,59,91,83,439.60","1,33,063",1275.692169545215,1193.2470917722903,1258.4474480502356
2025-01-29,EQ,"1,085.00","1,102.85","1,074.50","1,080.70","1,098.00",1096.95,"1,092.05","1,621.40",995.65,"46,03,700","5,02,74,69,077.10","96,058",1273.913640495014,1189.4707352322005,1255.249478781914
2025-01-30,EQ,"1,103.90","1,118.50","1,010.75","1,096.95","1,074.00",1077.05,"1,073.62","1,621.40",995.65,"1,40,97,862","15,13,57,06,623.10","3,59,463",1271.954798301034,1185.0620789485847,1251.720776231777
2025-01-31,EQ,"1,085.00","1,109.25","1,074.00","1,077.05","1,099.00",1099.35,"1,096.78","1,621.40",995.65,"46,59,891","5,11,08,86,795.45","1,54,887",1270.2373376214218,1181.700820950601,1248.703533138079
2025-02-01,EQ,"1,105.90","1,117.50","1,063.00","1,099.35","1,082.00",1084.1,"1,096.19","1,621.40",995.65,"49,19,797","5,39,30,19,692.85","1,28,939",1268.3852248092685,1177.8733377760675,1245.4440572343542
2025-02-03,EQ,"1,084.00","1,094.00","1,055.00","1,084.10","1,086.90",1084.85,"1,081.56","1,621.40",995.65,"39,61,203","4,28,42,88,102.15","1,39,581",1266.5590036668875,1174.2253637456336,1242.2639768930796
2025-02-04,EQ,"1,100.00","1,127.90","1,091.75","1,084.85","1,123.20",1125.1,"1,113.86","1,621.40",995.65,"40,71,098","4,53,46,38,674.40","1,64,944",1265.1514513915954,1172.2988788928635,1239.9438981427215
2025-02-05,EQ,"1,126.00","1,154.90","1,123.55","1,125.10","1,147.50",1144.35,"1,138.11","1,621.40",995.65,"29,79,646","3,39,11,78,636.45","1,10,274",1263.9494469001368,1171.2028444264763,1238.0509496646478
2025-02-06,EQ,"1,155.60","1,169.40","1,140.10","1,144.35","1,166.10",1164.05,"1,159.22","1,621.40",995.65,"62,63,278","7,26,05,32,783.85","1,26,748",1262.9554225528716,1170.9223407234776,1236.5855843247537
2025-02-07,EQ,"1,160.00","1,175.65","1,132.80","1,164.05","1,145.55",1146.1,"1,155.17","1,621.40",995.65,"40,79,540","4,71,25,56,722.15","1,15,028",1261.7926820299574,1169.9489155970668,1234.7937905757483
2025-02-10,EQ,"1,150.00","1,158.85","1,127.25","1,146.10","1,143.00",1144.2,"1,140.93","1,621.40",995.65,"24,15,627","2,75,60,69,417.80","1,05,605",1260.6226055918485,1168.9391542011035,1232.999854128704
2025-02-11,EQ,"1,144.20","1,160.00","1,114.05","1,144.20","1,138.00",1140.1,"1,136.87","1,621.40",995.65,"49,01,591","5,57,24,75,062.55","1,26,403",1259.423375685462,1167.808206977531,1231.160253056849
2025-02-12,EQ,"1,140.00","1,144.20","1,098.95","1,140.10","1,128.60",1128.95,"1,126.88","1,621.40",995.65,"28,62,155","3,22,52,94,235.20","1,18,065",1258.125133141328,1166.28435572351,1229.1362876497824
2025-02-13,EQ,"1,133.80","1,151.65","1,106.05","1,128.95","1,107.90",1111.55,"1,133.93","1,621.40",995.65,"37,63,868","4,26,79,76,460.90","1,19,342",1256.666674105096,1164.1379104010196,1226.8078463101829
2025-02-14,EQ,"1,120.00","1,120.00","1,042.15","1,111.55","1,060.05",1062.7,"1,071.98","1,621.40",995.65,"45,65,339","4,89,39,38,500.25","1,50,700",1254.7366574473338,1160.1599531303914,1223.5581859872088
2025-02-17,EQ,"1,058.95","1,089.30","1,040.00","1,062.70","1,085.10",1082.9,"1,069.96","1,621.40",995.65,"25,18,527","2,69,47,33,251.00","90,456",1253.0268399602958,1157.1301510468468,1220.7728753736008
2025-02-18,EQ,"1,082.90","1,087.90","1,061.95","1,082.90","1,083.50",1085.15,"1,075.71","1,621.40",995.65,"17,15,308","1,84,51,66,652.35","67,297",1251.3564236422828,1154.307400025402,1218.0872738810542
2025-02-19,EQ,"1,061.60","1,091.70","1,054.55","1,085.15","1,082.05",1082.85,"1,081.58","1,621.40",995.65,"17,92,268","1,93,84,83,969.90","74,903",1249.6797428100217,1151.5051490440137,1215.4093080616274
2025-02-20,EQ,"1,074.20","1,126.00","1,074.00","1,082.85","1,110.00",1111.7,"1,110.92","1,621.40",995.65,"37,14,173","4,12,61,52,973.55","1,03,951",1248.3068100457428,1149.9441628069935,1213.3556583970408
2025-02-21,EQ,"1,111.70","1,119.10","1,080.00","1,111.70","1,082.00",1083.25,"1,092.11","1,621.40",995.65,"23,60,177","2,57,75,61,844.10","93,197",1246.6644537268796,1147.3287054420134,1210.779308725812
2025-02-24,EQ,"1,083.25","1,083.25","1,065.70","1,083.25","1,068.50",1070.4,"1,073.45","1,621.40",995.65,"16,69,749","1,79,23,94,467.60","89,560",1244.9105785654183,1144.311893463895,1207.9995204342115
2025-02-25,EQ,"1,074.60","1,091.40","1,067.75","1,070.40","1,078.70",1080.35,"1,081.53","1,621.40",995.65,"16,65,355","1,80,11,29,961.35","75,946",1243.273159873225,1141.8035839162917,1205.4718071582868
2025-02-27,EQ,"1,083.00","1,087.95","1,069.10","1,080.35","1,075.55",1078.95,"1,077.85","1,621.40",995.65,"18,19,078","1,96,07,00,375.65","74,533",1241.6381035560787,1139.3387374882016,1202.9664248383208
2025-02-28,EQ,"1,074.00","1,082.90","1,059.20","1,078.95","1,072.00",1069.4,"1,070.14","1,621.40",995.65,"28,49,138","3,04,89,73,097.15","1,10,052",1239.9242915803964,1136.596041900429,1200.321545138552
2025-03-03,EQ,"1,074.95","1,081.00","1,040.60","1,069.40","1,053.05",1053.05,"1,053.27","1,621.40",995.65,"22,74,285","2,39,54,46,236.30","92,207",1238.064845893029,1133.319726531785,1197.4052769179866
2025-03-04,EQ,"1,047.95","1,063.00","1,036.50","1,053.05","1,056.80",1057.95,"1,052.28","1,621.40",995.65,"17,88,886","1,88,24,09,434.45","1,10,647",1236.2726583717058,1130.3640509815189,1194.6437862859473
2025-03-05,EQ,"1,056.80","1,118.65","1,055.00","1,057.95","1,112.45",1112.7,"1,103.00","1,621.40",995.65,"37,85,743","4,17,56,71,834.00","1,84,169",1235.0430796814403,1129.6713430998907,1193.0211370525622
2025-03-06,EQ,"1,118.20","1,148.75","1,101.85","1,112.70","1,130.80",1136.2,"1,129.24","1,621.40",995.65,"40,20,627","4,54,02,71,872.65","1,37,299",1234.0595664507794,1129.9273688606793,1191.8959660218184
2025-03-07,EQ,"1,136.20","1,156.95","1,134.10","1,136.20","1,143.55",1144.5,"1,148.02","1,621.40",995.65,"22,11,623","2,53,89,82,403.05","81,854",1233.1684264860949,1130.498844591633,1190.9574320411884
2025-03-10,EQ,"1,146.00","1,168.65","1,136.95","1,144.50","1,137.50",1142.9,"1,155.15","1,621.40",995.65,"24,30,740","2,80,78,59,475.20","85,763",1232.2702331877258,1130.985164411569,1190.005799723541
2025-03-11,EQ,"1,137.30","1,145.90","1,124.40","1,142.90","1,133.90",1135.0,"1,138.35","1,621.40",995.65,"23,99,428","2,73,13,97,055.55","69,467",1231.3023701709326,1131.1426089444487,1188.9165759666391
2025-03-12,EQ,"1,139.00","1,155.15","1,105.00","1,135.00","1,123.65",1128.3,"1,131.76","1,621.40",995.65,"28,42,848","3,21,74,31,486.95","74,501",1230.2774709652515,1131.031134083882,1187.7162477296758
2025-03-13,EQ,"1,135.00","1,139.45","1,115.05","1,128.30","1,118.20",1119.2,"1,125.60","1,621.40",995.65,"13,58,839","1,52,95,11,670.75","66,258",1229.172222497936,1130.567168041377,1186.3594903488902
2025-03-17,EQ,"1,114.80","1,148.55","1,111.20","1,119.20","1,137.80",1137.15,"1,135.18","1,621.40",995.65,"14,89,541","1,69,09,03,644.85","64,471",1228.2565784929816,1130.8253183142642,1185.3850449954468
2025-03-18,EQ,"1,149.90","1,161.00","1,137.95","1,137.15","1,158.00",1158.8,"1,151.73","1,621.40",995.65,"18,65,040","2,14,80,20,706.65","59,885",1227.5654682592206,1131.9223646548814,1184.8586084608835
2025-03-19,EQ,"1,160.00","1,184.50","1,158.80","1,158.80","1,171.70",1173.5,"1,174.86","1,621.40",995.65,"24,16,781","2,83,93,83,400.10","70,214",1227.02750340092,1133.5528601586116,1184.633685521064
2025-03-20,EQ,"1,185.00","1,186.95","1,161.20","1,173.50","1,175.00",1177.45,"1,173.77","1,621.40",995.65,"19,19,013","2,25,24,70,953.00","62,423",1226.5341949093688,1135.2743166229798,1184.491434322627
2025-03-21,EQ,"1,182.00","1,202.55","1,172.05","1,177.45","1,189.00",1188.8,"1,189.51","1,621.40",995.65,"31,27,446","3,72,01,29,318.90","74,993",1226.158730283405,1137.3733630299216,1184.576752454852
2025-03-24,EQ,"1,196.00","1,210.85","1,186.05","1,188.80","1,200.50",1200.8,"1,202.50","1,621.40",995.65,"21,35,192","2,56,75,73,242.85","65,546",1225.9064046089434,1139.8606821267874,1184.8980048814888
2025-03-25,EQ,"1,205.00","1,209.10","1,174.55","1,200.80","1,179.70",1182.45,"1,187.91","1,621.40",995.65,"20,90,037","2,48,27,76,267.80","88,959",1225.4740025730334,1141.5308514551489,1184.849529537301
2025-03-26,EQ,"1,183.00","1,202.20","1,173.05","1,182.45","1,181.00",1181.6,"1,188.53","1,621.40",995.65,"16,76,081","1,99,20,77,775.15","75,984",1225.0374453335007,1143.1021906137703,1184.7851824177503
2025-03-27,EQ,"1,182.00","1,212.00","1,175.00","1,181.60","1,201.00",1196.75,"1,189.12","1,621.40",995.65,"20,04,036","2,38,30,32,582.60","80,456",1224.7559782157546,1145.2060262759758,1185.022109498587
2025-03-28,EQ,"1,197.70","1,205.00","1,175.20","1,196.75","1,180.50",1182.95,"1,190.15","1,621.40",995.65,"16,70,913","1,98,86,42,935.30","83,630",1224.3399983330107,1146.6861821082905,1184.9810776273275
2025-04-01,EQ,"1,179.00","1,202.00","1,168.05","1,182.95","1,176.50",1174.75,"1,183.25","1,621.40",995.65,"15,84,541","1,87,49,03,889.05","72,638",1223.8465655137768,1147.7867239863967,1184.778482030747
2025-04-02,EQ,"1,182.40","1,198.95","1,167.35","1,174.75","1,193.50",1195.45,"1,187.75","1,621.40",995.65,"12,32,853","1,46,43,17,480.40","50,998",1223.5640126230924,1149.6558720653618,1184.989799218257
2025-04-03,EQ,"1,170.25","1,205.80","1,170.25","1,195.45","1,201.30",1199.9,"1,195.41","1,621.40",995.65,"13,00,511","1,55,46,45,099.20","56,947",1223.3285498109224,1151.6262300235828,1185.2850507188857
2025-04-04,EQ,"1,196.00","1,200.10","1,143.00","1,199.90","1,152.00",1148.35,"1,162.37","1,621.40",995.65,"17,85,093","2,07,49,31,546.60","80,561",1222.5824945889233,1151.4977504148148,1184.5536635759372
2025-04-07,EQ,"1,049.95","1,119.00","1,041.50","1,148.35","1,119.00",1110.65,"1,094.18","1,621.40",995.65,"21,92,949","2,39,94,81,625.70","1,17,039",1221.4687384238596,1149.895877849528,1183.090224693245
2025-04-08,EQ,"1,135.00","1,155.65","1,111.05","1,110.65","1,133.15",1131.35,"1,130.81","1,621.40",995.65,"24,23,486","2,74,04,95,974.50","91,657",1220.5720345589457,1149.1685885220954,1182.0656657884283
2025-04-09,EQ,"1,133.85","1,135.60","1,112.00","1,131.35","1,135.00",1131.8,"1,123.75","1,621.40",995.65,"15,37,177","1,72,73,99,262.05","86,698",1219.6887307324887,1148.487467403582,1181.0703060698456
2025-04-11,EQ,"1,163.00","1,170.30","1,148.00","1,131.80","1,162.00",1164.55,"1,161.80","1,621.40",995.65,"35,36,245","4,10,84,01,026.40","1,06,358",1219.1400866455983,1149.1173706426573,1180.7431712961854
2025-04-15,EQ,"1,200.00","1,225.90","1,179.00","1,164.55","1,212.80",1210.8,"1,209.91","1,621.40",995.65,"31,76,522","3,84,33,07,368.70","1,08,943",1219.0571007088265,1151.5362972841217,1181.3383560229938
2025-04-16,EQ,"1,210.00","1,235.50","1,201.60","1,210.80","1,235.50",1232.9,"1,217.92","1,621.40",995.65,"19,09,731","2,32,58,94,724.50","74,756",1219.1948410002808,1154.72703072396,1182.359378676004
2025-04-17,EQ,"1,232.90","1,282.50","1,218.60","1,232.90","1,261.00",1259.4,"1,253.24","1,621.40",995.65,"42,80,765","5,36,48,11,285.10","1,38,507",1219.5948923336114,1158.8318530485108,1183.8849355339048
2025-04-21,EQ,"1,259.40","1,260.00","1,209.40","1,259.40","1,243.40",1243.1,"1,231.63","1,621.40",995.65,"60,49,182","7,45,03,39,084.70","1,48,403",1219.8287740019337,1162.1364862622947,1185.057511067887
2025-04-22,EQ,"1,249.60","1,255.60","1,227.00","1,243.10","1,228.20",1233.2,"1,245.23","1,621.40",995.65,"29,32,537","3,65,16,79,927.70","95,418",1219.9618210267902,1164.923290722597,1186.010827680404
2025-04-23,EQ,"1,240.10","1,242.80","1,216.80","1,233.20","1,237.00",1239.1,"1,232.79","1,621.40",995.65,"25,80,999","3,18,18,38,657.80","72,145",1220.1522506683148,1167.832181282495,1187.062098419406
2025-04-24,EQ,"1,238.00","1,248.00","1,231.60","1,239.10","1,236.00",1236.4,"1,238.81","1,621.40",995.65,"21,33,285","2,64,27,27,020.50","69,539",1220.3139198158938,1170.521115349848,1188.0390865695167
