Date,series,OPEN,HIGH,LOW,PREV. CLOSE,ltp,close,vwap,52W H,52W L,VOLUME,VALUE,No of trades,EMA_50,EMA_100,EMA_200
2023-11-06,EQ,"1,606.95","1,617.00","1,600.20","1,599.10","1,615.00",1615.25,"1,608.89","1,634.00",967.55,"5,05,748","81,36,93,494.00","34,777",1519.592601993006,1439.0515078907138,1315.9145312786998
2023-11-07,EQ,"1,617.10","1,622.10","1,604.60","1,615.25","1,610.00",1610.5,"1,610.77","1,634.00",967.55,"3,42,837","55,22,32,021.25","16,864",1523.1575979932804,1442.446527536442,1318.845729972444
2023-11-08,EQ,"1,614.80","1,648.95","1,612.00","1,610.50","1,647.00",1646.95,"1,638.84","1,648.95",967.55,"5,89,975","96,68,77,029.15","47,685",1528.0122019935438,1446.4961012485917,1322.110449077196
2023-11-09,EQ,"1,653.00","1,653.85","1,634.55","1,646.95","1,646.65",1646.9,"1,643.73","1,653.85",967.55,"4,42,148","72,67,72,365.15","22,397",1532.6744685820322,1450.464495283273,1325.3421859022988
2023-11-10,EQ,"1,645.00","1,645.00","1,628.80","1,646.90","1,634.95",1631.95,"1,636.50","1,653.85",967.55,"3,90,701","63,93,81,817.20","27,092",1536.5676266768546,1454.058267653901,1328.3930099231711
2023-11-12,EQ,"1,652.00","1,654.95","1,635.00","1,631.95","1,651.45",1650.65,"1,649.18","1,654.95",967.55,"97,965","16,15,61,977.35","7,342",1541.0414452385469,1457.951173244913,1331.5995471378662
2023-11-13,EQ,"1,649.30","1,652.00","1,635.70","1,650.65","1,652.00",1648.05,"1,646.27","1,654.95",967.55,"3,64,986","60,08,65,141.40","22,031",1545.2378591507604,1461.715506447984,1334.7483078628627
2023-11-15,EQ,"1,653.25","1,676.70","1,647.05","1,648.05","1,669.50",1673.15,"1,667.90","1,676.70",967.55,"10,11,532","1,68,71,36,480.05","42,960",1550.254021537005,1465.9023281024793,1338.1154888791527
2023-11-16,EQ,"1,674.50","1,688.50","1,668.25","1,673.15","1,682.10",1684.15,"1,681.17","1,688.50",967.55,"4,68,330","78,73,41,845.90","27,739",1555.5048442218283,1470.2240641796575,1341.558618343042
2023-11-17,EQ,"1,696.80","1,754.65","1,690.00","1,684.15","1,752.75",1747.6,"1,724.65","1,754.65",967.55,"17,21,816","2,96,95,36,527.10","64,568",1563.037987585678,1475.7166569681792,1345.5988310958476
2023-11-20,EQ,"1,754.95","1,764.90","1,706.00","1,747.60","1,722.30",1719.25,"1,733.68","1,764.90",967.55,"11,10,928","1,92,59,88,674.45","68,144",1569.163948856828,1480.5390994044528,1349.316753174496
2023-11-21,EQ,"1,731.90","1,738.25","1,715.55","1,719.25","1,724.00",1724.65,"1,724.43","1,764.90",967.55,"5,21,686","89,96,09,441.95","29,912",1575.261441058521,1485.3729786241663,1353.0514123468893
2023-11-22,EQ,"1,729.90","1,744.00","1,724.55","1,724.65","1,740.00",1739.3,"1,736.04","1,764.90",967.55,"20,16,499","3,50,07,29,204.00","59,304",1581.694325722893,1490.401236473193,1356.894681875776
2023-11-23,EQ,"1,754.00","1,784.95","1,748.55","1,739.30","1,778.00",1776.05,"1,769.59","1,784.95",967.55,"15,99,755","2,83,09,14,870.05","58,971",1589.3161168710149,1496.0576476321396,1361.065381558604
2023-11-24,EQ,"1,783.00","1,818.40","1,778.75","1,776.05","1,800.05",1799.95,"1,800.16","1,818.40",967.55,"12,98,959","2,33,83,28,190.90","47,752",1597.576269150583,1502.0753179760577,1365.432392687374
2023-11-28,EQ,"1,800.00","1,829.95","1,799.00","1,799.95","1,822.00",1824.1,"1,810.66","1,829.95",967.55,"9,57,141","1,73,30,56,471.55","62,872",1606.4595527133051,1508.4520443527692,1369.9962494765543
2023-11-29,EQ,"1,830.00","1,875.70","1,822.55","1,824.10","1,856.40",1863.65,"1,854.05","1,875.70",967.55,"12,12,566","2,24,81,58,045.65","53,269",1616.5454526069009,1515.4856672368728,1374.908227093703
2023-11-30,EQ,"1,853.25","1,898.00","1,850.05","1,863.65","1,896.00",1864.5,"1,861.65","1,898.00",967.55,"21,71,737","4,04,30,10,531.55","53,727",1626.2691603478067,1522.3968421430734,1379.779787023119
2023-12-01,EQ,"1,883.00","1,924.00","1,867.70","1,864.50","1,905.00",1909.8,"1,904.29","1,924.00",967.55,"12,69,657","2,41,77,98,990.05","48,764",1637.3880168047556,1530.0681918036066,1385.0536199880632
2023-12-04,EQ,"1,958.00","1,958.00","1,890.00","1,909.80","1,907.00",1903.95,"1,906.03","1,958.00",967.55,"8,18,769","1,56,06,02,286.85","53,033",1647.8414279104516,1537.4717919659115,1390.2167680478838
2023-12-05,EQ,"1,918.00","1,923.55","1,895.25","1,903.95","1,903.00",1903.0,"1,906.81","1,958.00",967.55,"9,70,173","1,84,99,33,569.90","42,243",1657.8476464237674,1544.7099743032202,1395.3190887638252
2023-12-06,EQ,"1,889.10","1,900.55","1,871.75","1,903.00","1,890.00",1888.75,"1,889.15","1,958.00",967.55,"10,53,331","1,98,98,95,680.15","51,857",1666.9026406816588,1551.522648079394,1400.228849074633
2023-12-07,EQ,"1,894.35","1,929.00","1,893.80","1,888.75","1,925.80",1920.2,"1,915.52","1,958.00",967.55,"7,20,562","1,38,02,52,549.85","51,105",1676.8358704588486,1558.8231897015842,1405.4026913723978
2023-12-08,EQ,"1,924.50","1,930.00","1,886.60","1,920.20","1,903.00",1902.7,"1,905.03","1,958.00",967.55,"4,93,461","94,00,58,288.05","33,610",1685.6932873035996,1565.6326314896717,1410.3509232990407
2023-12-11,EQ,"1,907.15","1,940.00","1,903.00","1,902.70","1,935.90",1932.4,"1,919.40","1,958.00",967.55,"6,74,733","1,29,50,81,948.45","23,932",1695.3680603505172,1572.895351658193,1415.5454414751696
2023-12-12,EQ,"1,936.00","1,951.35","1,926.15","1,932.40","1,932.45",1937.8,"1,940.69","1,958.00",967.55,"7,16,644","1,39,07,85,342.90","30,982",1704.8751952387322,1580.121186278823,1420.742004246561
2023-12-13,EQ,"1,940.00","2,027.00","1,932.05","1,937.80","2,025.00",2022.3,"1,994.31","2,027.00",967.55,"22,24,533","4,43,64,10,389.15","1,02,339",1717.3232267979977,1588.8772023921138,1426.7276559456002
2023-12-14,EQ,"2,026.00","2,058.50","2,006.10","2,022.30","2,040.00",2048.75,"2,029.43","2,058.50",967.55,"10,66,303","2,16,39,85,561.40","59,671",1730.3203551588604,1597.983594423953,1432.916933000868
2023-12-15,EQ,"2,052.00","2,054.20","2,003.80","2,048.75","2,018.00",2018.55,"2,022.13","2,058.50",967.55,"9,02,030","1,82,40,22,533.25","43,872",1741.623478485964,1606.3116420591225,1438.7441276973768
2023-12-18,EQ,"2,024.00","2,035.30","1,996.55","2,018.55","2,002.30",1999.65,"2,008.65","2,058.50",967.55,"9,36,244","1,88,05,84,716.50","36,741",1751.7421656041615,1614.100520434189,1444.325280655612
2023-12-19,EQ,"2,005.00","2,009.60","1,958.10","1,999.65","1,980.00",1968.7,"1,972.17","2,058.50",967.55,"11,39,789","2,24,78,54,034.80","49,869",1760.250315972626,1621.1222923067794,1449.5429395545611
2023-12-20,EQ,"1,984.00","1,998.75","1,943.15","1,968.70","1,946.35",1949.2,"1,968.47","2,058.50",967.55,"7,43,248","1,46,30,61,516.80","46,784",1767.6601075031112,1627.6188805779325,1454.5146515987944
2023-12-21,EQ,"1,936.00","1,971.95","1,924.70","1,949.20","1,945.00",1945.7,"1,949.60","2,058.50",967.55,"7,33,570","1,43,01,70,372.95","51,463",1774.6420640716167,1633.917516606092,1459.4020680007966
2023-12-22,EQ,"1,950.00","1,988.80","1,934.40","1,945.70","1,960.00",1967.5,"1,962.20","2,058.50",967.55,"10,70,784","2,10,10,89,486.50","66,673",1782.2051203825338,1640.5231103366643,1464.4577688167092
2023-12-26,EQ,"1,967.50","2,010.90","1,967.50","1,967.50","2,000.00",1996.2,"1,998.63","2,058.50",967.55,"8,90,867","1,78,05,16,504.85","54,094",1790.597076445964,1647.5662170626708,1469.74873629117
2023-12-27,EQ,"2,008.70","2,026.00","1,990.55","1,996.20","2,014.05",2013.6,"2,011.72","2,058.50",967.55,"4,77,198","95,99,90,336.25","35,534",1799.3422891343575,1654.8144107842022,1475.160191651457
2023-12-28,EQ,"2,015.45","2,022.00","1,995.35","2,013.60","2,013.00",2004.55,"2,007.01","2,058.50",967.55,"12,61,169","2,53,11,80,809.75","64,759",1807.3896503447747,1661.7398679963962,1480.427751933532
2023-12-29,EQ,"2,013.00","2,030.00","2,000.00","2,004.55","2,028.00",2025.8,"2,019.14","2,058.50",967.55,"4,76,136","96,13,85,051.95","29,768",1815.95476209596,1668.94897952122,1485.8543414665317
2024-01-01,EQ,"2,032.00","2,046.55","2,012.00","2,025.80","2,012.00",2019.05,"2,030.06","2,058.50",967.55,"4,74,552","96,33,70,078.15","34,969",1823.919281229452,1675.8816729960472,1491.1597709046755
2024-01-02,EQ,"2,025.00","2,039.80","1,952.15","2,019.05","1,974.00",1969.15,"1,980.44","2,058.50",967.55,"14,07,673","2,78,78,09,404.25","80,824",1829.6146035341797,1681.688966600086,1495.915892587216
2024-01-03,EQ,"1,977.00","2,015.90","1,960.35","1,969.15","1,996.30",1997.9,"1,984.59","2,058.50",967.55,"8,37,553","1,66,22,02,064.55","40,152",1836.2140308465648,1687.9505712218663,1500.910759327642
2024-01-04,EQ,"2,008.00","2,014.10","1,979.30","1,997.90","1,980.00",1982.6,"1,986.56","2,058.50",967.55,"9,82,876","1,95,25,46,652.90","46,375",1841.954657087876,1693.7852133758886,1505.7036870955262
2024-01-05,EQ,"1,989.80","2,011.25","1,969.25","1,982.60","1,977.55",1979.3,"1,992.84","2,058.50",967.55,"22,59,906","4,50,36,29,951.95","39,178",1847.3407489667827,1699.438971526861,1510.416088218954
2024-01-08,EQ,"1,994.80","2,062.90","1,980.00","1,979.30","2,038.80",2037.8,"2,033.29","2,062.90",967.55,"21,95,125","4,46,33,23,158.25","89,575",1854.80973920338,1706.1391899124678,1515.6636893312032
2024-01-09,EQ,"2,039.00","2,049.00","2,005.00","2,037.80","2,020.00",2018.9,"2,021.60","2,062.90",967.55,"14,24,396","2,87,95,52,107.85","51,581",1861.2446513914824,1712.3324732805377,1520.6710158055196
2024-01-10,EQ,"2,015.10","2,022.95","1,992.80","2,018.90","2,021.90",2020.25,"2,009.20","2,062.90",967.55,"6,50,058","1,30,60,95,055.10","39,237",1867.4801552584831,1718.4298500472598,1525.6419509716338
2024-01-11,EQ,"2,024.55","2,095.50","2,023.30","2,020.25","2,080.00",2087.35,"2,075.30","2,095.50",967.55,"13,05,313","2,70,89,21,990.45","66,595",1876.102502111092,1725.7351995512745,1531.2310857878365
2024-01-12,EQ,"2,100.00","2,100.00","2,062.80","2,087.35","2,098.30",2085.8,"2,075.18","2,100.00",967.55,"7,65,951","1,58,94,84,793.40","45,952",1884.3259334008528,1732.865195599764,1536.7491844367137
2024-01-15,EQ,"2,098.30","2,108.95","2,011.00","2,085.80","2,028.00",2021.6,"2,032.31","2,108.95",967.55,"13,49,721","2,74,30,54,353.85","70,767",1889.709230130231,1738.5827164789769,1541.573570661224
2024-01-16,EQ,"2,030.00","2,043.90","2,013.35","2,021.60","2,030.10",2033.65,"2,023.22","2,108.95",967.55,"13,47,953","2,72,72,06,825.95","35,668",1895.3539662035555,1744.4256329843436,1546.469853540217
2024-01-17,EQ,"2,023.65","2,047.50","2,003.45","2,033.65","2,012.70",2016.8,"2,027.56","2,108.95",967.55,"7,27,553","1,47,51,60,018.00","64,016",1900.1165557642,1749.8191848064355,1551.1497554950408
2024-01-18,EQ,"2,016.00","2,026.05","1,980.00","2,016.80","2,011.60",2011.5,"2,007.24","2,108.95",967.55,"8,15,604","1,63,71,10,365.45","35,658",1904.4845339695255,1755.0009831271004,1555.7303549428514
2024-01-19,EQ,"2,015.80","2,045.00","2,011.00","2,011.50","2,034.70",2037.0,"2,026.93","2,108.95",967.55,"7,47,716","1,51,55,68,651.95","43,381",1909.6812189118973,1760.5851220750783,1560.519107629987
2024-01-20,EQ,"2,047.00","2,053.00","1,997.65","2,037.00","2,013.90",2011.85,"2,017.94","2,108.95",967.55,"2,08,112","41,99,57,496.85","14,273",1913.6878377780972,1765.5606642122057,1565.009962280435
2024-01-23,EQ,"2,015.45","2,045.95","1,978.60","2,011.85","1,994.00",1987.35,"2,005.09","2,108.95",968.55,"9,10,575","1,82,57,87,931.95","52,515",1916.5765500220937,1769.9525322476077,1569.2123507154558
2024-01-24,EQ,"1,975.00","2,015.00","1,959.80","1,987.35","2,009.00",2000.95,"1,994.28","2,108.95",968.55,"9,03,005","1,80,08,43,993.50","62,280",1919.8853127663251,1774.526739529833,1573.5082477232622
2024-01-25,EQ,"2,055.00","2,055.00","1,923.05","2,000.95","1,950.00",1941.1,"1,950.45","2,108.95",968.55,"20,78,701","4,05,44,07,278.65","1,63,139",1920.7172612852928,1777.825219935183,1577.1658770991503
2024-01-29,EQ,"1,941.00","1,974.00","1,927.95","1,941.10","1,960.00",1964.7,"1,959.30","2,108.95",990.05,"15,63,040","3,06,24,65,858.70","65,420",1922.4420745682223,1781.5257106295358,1581.021938023537
2024-01-30,EQ,"1,973.10","1,996.85","1,953.50","1,964.70","1,968.05",1957.6,"1,975.99","2,108.95",990.05,"10,11,435","1,99,85,82,063.20","45,122",1923.8208167420175,1785.01233022103,1584.7689834163375
2024-01-31,EQ,"1,960.05","2,006.85","1,952.05","1,957.60","1,996.45",2001.35,"1,980.71","2,108.95",990.05,"10,64,182","2,10,78,31,994.60","60,648",1926.861176869782,1789.296244474079,1588.9140681584636
2024-02-01,EQ,"2,017.00","2,024.85","1,985.00","2,001.35","1,997.10",1995.25,"2,003.26","2,108.95",990.05,"5,88,605","1,17,91,28,625.20","38,214",1929.54309150234,1793.374536662711,1592.9572117588768
2024-02-02,EQ,"1,997.55","2,048.60","1,997.55","1,995.25","2,040.10",2045.3,"2,034.17","2,108.95",990.05,"8,30,770","1,68,99,25,671.35","43,874",1934.0825781100912,1798.3631596990929,1597.4581350249578
2024-02-05,EQ,"2,049.25","2,077.65","2,010.20","2,045.30","2,023.10",2024.15,"2,044.68","2,108.95","1,005.00","8,29,877","1,69,68,36,284.60","51,386",1937.61463387048,1802.8341862397049,1601.7038252237146
2024-02-06,EQ,"2,034.00","2,068.00","2,024.15","2,024.15","2,048.00",2047.5,"2,049.32","2,108.95","1,005.00","7,07,510","1,44,99,15,109.00","50,413",1941.9238639147748,1807.6790538389184,1606.1396080573095
2024-02-07,EQ,"2,054.10","2,074.90","2,039.95","2,047.50","2,058.10",2063.95,"2,059.85","2,108.95","1,005.00","4,13,546","85,18,43,642.30","29,006",1946.709202584784,1812.753726040128,1610.6949353403215
2024-02-08,EQ,"2,068.00","2,073.55","2,026.50","2,063.95","2,040.00",2033.75,"2,042.40","2,108.95","1,005.00","2,23,855","45,72,02,227.35","22,971",1950.122567189302,1817.1298898809173,1614.9044384712636
2024-02-09,EQ,"2,044.80","2,046.00","2,005.70","2,033.75","2,041.45",2037.6,"2,026.06","2,108.95","1,005.00","2,35,265","47,66,62,092.50","23,294",1953.553054750506,1821.4956346357508,1619.1103644566242
2024-02-12,EQ,"2,044.00","2,054.45","2,015.55","2,037.60","2,033.95",2035.75,"2,035.22","2,108.95","1,005.00","3,09,481","62,98,62,030.90","33,890",1956.7764643681328,1825.738295336033,1623.2560324719814
2024-02-13,EQ,"2,035.00","2,060.20","2,021.00","2,035.75","2,036.95",2044.25,"2,042.88","2,108.95","1,005.00","4,36,456","89,16,27,237.40","37,065",1960.2067990987948,1830.0652597848243,1627.4450271737528
2024-02-14,EQ,"2,031.00","2,105.00","2,021.20","2,044.25","2,105.00",2087.95,"2,065.57","2,108.95","1,005.00","5,97,383","1,23,39,38,230.80","39,540",1965.216336389038,1835.1718883039368,1632.02716620685
2024-02-15,EQ,"2,105.00","2,118.20","2,051.45","2,087.95","2,087.90",2093.0,"2,082.29","2,118.20","1,005.00","7,54,820","1,57,17,53,845.80","59,015",1970.227460452213,1840.277395466235,1636.6139605729509
2024-02-16,EQ,"2,098.75","2,186.00","2,097.10","2,093.00","2,140.00",2138.75,"2,157.73","2,186.00","1,005.00","22,87,490","4,93,57,92,396.80","1,02,466",1976.836187493303,1846.187744070864,1641.6103390747126
2024-02-19,EQ,"2,153.00","2,160.00","2,092.90","2,138.75","2,122.40",2120.4,"2,121.13","2,186.00","1,005.00","9,81,429","2,08,17,37,565.10","59,812",1982.4661409249384,1851.617689732827,1646.374415302825
2024-02-20,EQ,"2,133.90","2,138.50","2,093.85","2,120.40","2,121.50",2118.2,"2,117.27","2,186.00","1,005.00","6,11,276","1,29,42,35,681.25","38,984",1987.7890373592545,1856.89654736188,1651.0691972401105
2024-02-21,EQ,"2,122.00","2,139.00","2,081.00","2,118.20","2,099.85",2093.5,"2,109.49","2,186.00","1,005.00","4,07,855","86,03,67,398.95","30,113",1991.9345653059504,1861.5817642458032,1655.471493784985
2024-02-22,EQ,"2,104.45","2,133.75","2,090.85","2,093.50","2,126.10",2128.65,"2,112.37","2,186.00","1,005.00","4,82,482","1,01,91,82,217.45","36,756",1997.2959549017955,1866.870244161728,1660.1797376279203
2024-02-23,EQ,"2,135.00","2,139.00","2,104.35","2,128.65","2,108.90",2115.95,"2,124.46","2,186.00","1,005.00","3,45,944","73,49,44,645.50","26,179",2001.9490547095684,1871.802516554565,1664.7147651142095
2024-02-26,EQ,"2,107.05","2,167.00","2,088.00","2,115.95","2,162.90",2162.1,"2,136.59","2,186.00","1,005.00","6,61,221","1,41,27,61,350.95","49,463",2008.229483936644,1877.5509815732864,1669.6638719289938
2024-02-27,EQ,"2,167.00","2,168.15","2,127.40","2,162.10","2,130.50",2133.15,"2,144.75","2,186.00","1,005.00","6,26,537","1,34,37,62,811.60","46,922",2013.1283277038349,1882.6123482748053,1674.275674198357
2024-02-28,EQ,"2,135.00","2,142.15","2,071.85","2,133.15","2,098.00",2094.55,"2,100.15","2,186.00","1,005.00","8,08,633","1,69,82,53,772.90","69,542",2016.3213344605472,1886.8091334574824,1678.4575082859355
2024-02-29,EQ,"2,092.00","2,159.40","2,084.85","2,094.55","2,139.95",2139.2,"2,129.12","2,186.00","1,005.00","17,49,636","3,72,51,91,095.70","84,810",2021.1401056581728,1891.8069723989183,1683.0420106910506
2024-03-01,EQ,"2,139.95","2,275.00","2,121.65","2,139.20","2,270.00",2242.6,"2,196.06","2,275.00","1,005.00","16,43,917","3,61,01,32,710.00","97,513",2029.824807397068,1898.7533689850784,1688.6097518782044
2024-03-02,EQ,"2,265.00","2,281.95","2,244.95","2,242.60","2,250.05",2253.05,"2,262.47","2,281.95","1,005.00","96,378","21,80,52,124.45","6,663",2038.5787365187516,1905.7691438566608,1694.226072755038
2024-03-04,EQ,"2,263.40","2,267.70","2,220.00","2,253.05","2,239.00",2232.35,"2,242.60","2,281.95","1,005.00","7,94,390","1,78,15,01,112.55","51,319",2046.1776095964476,1912.236091503064,1699.580539692799
2024-03-05,EQ,"2,239.00","2,289.90","2,232.05","2,232.35","2,284.00",2280.9,"2,269.53","2,289.90","1,005.00","9,42,601","2,13,92,62,307.05","57,523",2055.382409220116,1919.5363669188448,1705.3648129296869
2024-03-06,EQ,"2,295.20","2,295.20","2,231.10","2,280.90","2,288.55",2280.0,"2,262.03","2,295.20","1,005.00","12,48,715","2,82,46,35,846.25","69,129",2064.1909421918763,1926.674260643224,1711.0825759851127
2024-03-07,EQ,"2,284.00","2,313.45","2,255.10","2,280.00","2,258.05",2259.7,"2,284.21","2,313.45","1,005.00","8,73,474","1,99,51,94,886.20","56,002",2071.857964066705,1933.268829739398,1716.5414558260568
2024-03-11,EQ,"2,276.00","2,304.35","2,255.05","2,259.70","2,268.30",2268.35,"2,276.71","2,313.45","1,005.00","7,15,668","1,62,93,70,034.60","49,166",2079.563534103305,1939.904100437628,1722.032088106395
2024-03-12,EQ,"2,271.70","2,279.85","2,232.40","2,268.35","2,247.00",2242.6,"2,250.42","2,313.45","1,005.00","4,71,203","1,06,04,02,766.70","31,198",2085.9571210012145,1945.898078646784,1727.2118683242415
2024-03-13,EQ,"2,242.60","2,257.50","2,125.75","2,242.60","2,137.80",2146.25,"2,172.29","2,313.45","1,005.00","9,99,329","2,17,08,37,230.65","74,209",2088.3215476286177,1949.8654434260552,1731.3814019727567
2024-03-14,EQ,"2,139.85","2,200.60","2,108.90","2,146.25","2,145.00",2149.8,"2,144.82","2,313.45","1,005.00","9,70,661","2,08,18,92,956.30","59,232",2090.7324673294565,1953.8245435562324,1735.5447711073562
2024-03-15,EQ,"2,153.00","2,159.00","2,054.95","2,149.80","2,058.25",2066.45,"2,081.21","2,313.45","1,005.00","15,17,532","3,15,83,06,457.10","1,12,581",2089.7802137086937,1956.054750614525,1738.8373604495716
2024-03-18,EQ,"2,061.00","2,067.75","2,012.05","2,066.45","2,037.05",2031.45,"2,031.71","2,313.45","1,005.00","12,91,028","2,62,29,89,757.45","1,01,332",2087.4927543475687,1957.5477258498809,1741.7489290023125
2024-03-19,EQ,"2,031.65","2,056.00","2,010.00","2,031.45","2,045.00",2041.8,"2,034.22","2,313.45","1,005.00","8,95,151","1,82,09,36,999.45","77,615",2085.7008816280563,1959.2160877142396,1744.7345117983093
2024-03-20,EQ,"2,055.65","2,105.00","2,005.80","2,041.80","2,037.95",2034.95,"2,046.14","2,313.45","1,005.00","14,92,834","3,05,45,54,772.45","1,29,577",2083.710650975976,1960.7157691456407,1747.6222280988236
2024-03-21,EQ,"2,080.15","2,080.95","2,023.30","2,034.95","2,055.55",2055.05,"2,049.34","2,313.45","1,005.00","10,87,462","2,22,85,83,107.80","1,01,925",2082.5867038788792,1962.583773717014,1750.6812109038106
2024-03-22,EQ,"2,062.00","2,085.00","2,034.50","2,055.05","2,050.10",2050.8,"2,060.64","2,313.45","1,005.00","8,33,468","1,71,74,73,360.20","75,696",2081.3401664718644,1964.3306296830135,1753.6674675117329
2024-03-26,EQ,"2,053.30","2,088.00","2,028.35","2,050.80","2,086.05",2082.95,"2,063.95","2,313.45","1,029.20","10,66,097","2,20,03,75,974.35","67,338",2081.403297198458,1966.679528105132,1756.9439106210689
2024-03-27,EQ,"2,100.00","2,134.00","2,084.15","2,082.95","2,129.30",2123.15,"2,117.10","2,313.45","1,029.20","13,15,796","2,78,56,69,256.40","77,222",2083.040422798518,1969.777953291169,1760.5877523064314
2024-03-28,EQ,"2,140.00","2,165.00","2,104.40","2,123.15","2,164.95",2151.85,"2,135.92","2,313.45","1,029.20","9,34,714","1,99,64,78,762.90","54,592",2085.738837590733,1973.3833403547103,1764.4809089998998
2024-04-01,EQ,"2,174.00","2,195.00","2,128.20","2,151.85","2,143.00",2139.1,"2,163.08","2,313.45","1,073.00","5,91,922","1,28,03,76,965.45","51,329",2087.8314321950184,1976.6648583674885,1768.2084621441795
2024-04-02,EQ,"2,175.30","2,175.30","2,116.90","2,139.10","2,148.20",2150.55,"2,147.66","2,313.45","1,073.00","8,99,959","1,93,28,07,846.20","52,089",2090.290983873645,1980.1081284988247,1772.0128555556803
2024-04-03,EQ,"2,150.00","2,150.00","2,101.20","2,150.55","2,106.00",2104.4,"2,121.39","2,313.45","1,073.00","7,18,065","1,52,32,96,875.90","56,597",2090.8442786236983,1982.5693536770664,1775.320190326271
2024-04-04,EQ,"2,118.85","2,118.85","2,067.75","2,104.40","2,092.00",2086.7,"2,085.63","2,313.45","1,073.00","7,97,799","1,66,39,15,062.95","58,157",2090.6817578933574,1984.63134667356,1778.4184968901886
2024-04-05,EQ,"2,086.00","2,094.00","2,060.00","2,086.70","2,071.00",2069.4,"2,068.50","2,313.45","1,073.00","5,86,351","1,21,28,68,137.50","41,520",2089.8471791524416,1986.309933868143,1781.3138352295898
2024-04-08,EQ,"2,080.00","2,139.00","2,066.30","2,069.40","2,134.80",2132.95,"2,116.31","2,313.45","1,084.00","9,35,056","1,97,88,69,556.40","68,306",2091.537485852346,1989.2136975539224,1784.8127025407382
2024-04-09,EQ,"2,144.00","2,144.00","2,096.00","2,132.95","2,100.55",2099.05,"2,115.69","2,313.45","1,084.00","5,46,070","1,15,53,16,747.00","30,032",2091.8320942502933,1991.388673839983,1787.93944181894
2024-04-10,EQ,"2,100.95","2,142.40","2,089.10","2,099.05","2,100.00",2097.4,"2,108.72","2,313.45","1,084.00","5,92,948","1,25,03,59,701.35","46,112",2092.05044349538,1993.487908021369,1791.01865135308
2024-04-12,EQ,"2,097.90","2,109.15","2,038.40","2,097.40","2,049.80",2046.85,"2,068.96","2,313.45","1,084.00","7,70,726","1,59,45,99,162.00","50,101",2090.2778770837967,1994.5445831100556,1793.564236911756
2024-04-15,EQ,"2,011.10","2,046.65","1,988.80","2,046.85","2,000.00",2000.15,"2,014.97","2,313.45","1,084.00","10,14,530","2,04,42,48,363.35","66,273",2086.743450531491,1994.655581464312,1795.6198166439774
2024-04-16,EQ,"1,990.10","2,001.40","1,960.70","2,000.15","1,979.55",1975.6,"1,982.16","2,313.45","1,084.00","12,25,387","2,42,89,08,294.10","1,12,567",2082.384883843981,1994.2782432174931,1797.4106642395598
2024-04-18,EQ,"1,980.00","1,988.50","1,927.45","1,975.60","1,943.50",1940.7,"1,958.91","2,313.45","1,084.00","25,14,361","4,92,54,03,920.85","1,32,074",2076.8286138893154,1993.217287906256,1798.8364287744896
2024-04-19,EQ,"1,918.00","1,921.45","1,873.00","1,940.70","1,897.05",1899.05,"1,896.21","2,313.45","1,084.00","20,46,537","3,88,06,65,530.40","1,32,103",2069.856903540715,1991.352589135835,1799.8335787369326
2024-04-22,EQ,"1,898.95","1,950.00","1,890.10","1,899.05","1,941.15",1943.25,"1,920.05","2,313.45","1,088.05","12,22,136","2,34,65,65,389.60","75,040",2064.891926931275,1990.4000626182933,1801.260607804227
2024-04-23,EQ,"1,950.55","1,972.00","1,918.50","1,943.25","1,959.00",1953.1,"1,939.71","2,313.45","1,088.05","12,78,413","2,47,97,56,766.60","82,242",2060.5079297967154,1989.661447516941,1802.771447527568
2024-04-24,EQ,"1,959.00","1,971.10","1,940.95","1,953.10","1,964.55",1964.3,"1,957.25","2,313.45","1,088.05","11,29,487","2,21,06,88,553.80","49,650",2056.735069804688,1989.1592406354173,1804.3786968059007
2024-04-25,EQ,"1,968.00","2,014.10","1,951.30","1,964.30","2,011.00",2005.75,"1,991.91","2,313.45","1,088.05","10,52,042","2,09,55,70,169.90","56,170",2054.735655302543,1989.4877705238248,1806.3823913650465
2024-04-26,EQ,"2,007.00","2,038.80","1,995.65","2,005.75","2,017.00",2016.5,"2,021.95","2,313.45","1,088.05","8,09,102","1,63,59,64,936.50","61,049",2053.2362178396984,1990.0226661570164,1808.473113839026
2024-04-29,EQ,"2,020.00","2,042.00","2,012.25","2,016.50","2,037.00",2036.6,"2,029.94","2,313.45","1,137.05","4,20,629","85,38,52,002.70","29,614",2052.5838171401024,1990.944989599452,1810.7430331043092
2024-04-30,EQ,"2,049.00","2,105.40","2,043.70","2,036.60","2,064.45",2060.0,"2,077.61","2,313.45","1,137.05","12,23,892","2,54,27,67,654.75","80,548",2052.8746478404905,1992.3124155479773,1813.2232019291423
2024-05-02,EQ,"2,117.85","2,117.85","2,066.55","2,060.00","2,078.00",2072.95,"2,082.92","2,313.45","1,137.05","15,95,338","3,32,29,67,355.15","1,11,232",2053.661916552628,1993.9091993985123,1815.807548178604
2024-05-03,EQ,"2,083.90","2,085.85","2,035.85","2,072.95","2,052.00",2052.75,"2,059.68","2,313.45","1,137.05","5,27,068","1,08,55,89,388.55","38,731",2053.626155119192,1995.0743637668584,1818.1651845151357
2024-05-06,EQ,"2,060.00","2,070.00","2,030.50","2,052.75","2,055.00",2056.85,"2,054.30","2,313.45","1,220.00","3,04,143","62,48,02,005.45","26,035",2053.752580408636,1996.2976436922672,1820.540157803542
2024-05-07,EQ,"2,063.05","2,065.00","1,973.00","2,056.85","1,977.00",1979.6,"2,001.26","2,313.45","1,220.00","7,25,249","1,45,14,14,218.10","87,610",2050.844636078885,1995.9669972825195,1822.1228428005215
2024-05-08,EQ,"1,979.60","2,025.00","1,918.50","1,979.60","2,022.45",1996.65,"1,960.85","2,313.45","1,220.00","21,30,967","4,17,85,07,477.80","97,808",2048.7193562326543,1995.9805220888056,1823.8594314293723
2024-05-09,EQ,"2,023.90","2,123.00","2,023.90","1,996.65","2,061.60",2063.6,"2,088.84","2,313.45","1,220.00","53,53,261","11,18,21,17,958.00","2,01,379",2049.3029108901974,1997.319521651404,1826.244909723608
2024-05-10,EQ,"2,080.00","2,087.35","2,022.75","2,063.60","2,058.85",2063.55,"2,060.97","2,313.45","1,220.00","11,25,560","2,31,97,42,742.30","78,965",2049.8616202670523,1998.631016272168,1828.6061544029749
2024-05-13,EQ,"2,063.55","2,085.40","1,975.45","2,063.55","2,063.15",2068.6,"2,043.40","2,313.45","1,220.00","15,93,052","3,25,52,43,979.60","84,563",2050.596458687952,2000.0165407024224,1830.994152866627
2024-05-14,EQ,"2,074.80","2,139.95","2,065.00","2,068.60","2,130.00",2134.8,"2,115.95","2,313.45","1,220.00","13,87,841","2,93,66,08,804.50","74,588",2053.898558347248,2002.6855200944533,1834.017096619198
2024-05-15,EQ,"2,140.00","2,149.90","2,085.00","2,134.80","2,102.00",2099.95,"2,108.92","2,313.45","1,220.00","7,24,319","1,52,75,32,281.60","50,784",2055.704497235592,2004.6115493995137,1836.6631951603008
2024-05-16,EQ,"2,120.00","2,133.95","2,090.50","2,099.95","2,124.30",2127.9,"2,116.94","2,313.45","1,220.00","5,35,364","1,13,33,31,890.55","36,393",2058.535693422431,2007.0529048569488,1839.561073815422
2024-05-17,EQ,"2,127.90","2,192.65","2,115.05","2,127.90","2,187.00",2184.45,"2,165.36","2,313.45","1,220.00","10,90,700","2,36,17,62,173.80","64,392",2063.473509366649,2010.565718622158,1842.992804424224
2024-05-18,EQ,"2,200.00","2,204.00","2,181.00","2,184.45","2,191.00",2191.5,"2,191.98","2,313.45","1,220.00","86,996","19,06,93,121.20","5,895",2068.4941560581533,2014.148575679145,1846.4605377135351
2024-05-21,EQ,"2,199.00","2,199.45","2,142.10","2,191.50","2,151.70",2155.9,"2,157.47","2,313.45","1,225.00","7,72,583","1,66,68,25,913.45","75,852",2071.921836212736,2016.955534576588,1849.539537338276
2024-05-22,EQ,"2,167.00","2,170.00","2,121.10","2,155.90","2,143.75",2142.3,"2,139.66","2,313.45","1,225.00","6,09,077","1,30,32,14,830.15","47,370",2074.6817642043934,2019.4376031988336,1852.4525767677465
2024-05-23,EQ,"2,143.75","2,181.00","2,137.05","2,142.30","2,175.00",2175.15,"2,164.08","2,313.45","1,225.00","4,57,984","99,11,13,774.80","34,879",2078.6216950199077,2022.5210169968764,1855.6634964018976
2024-05-24,EQ,"2,165.05","2,254.00","2,160.00","2,175.15","2,246.20",2238.5,"2,218.06","2,313.45","1,225.00","12,24,582","2,71,62,02,453.40","75,511",2084.8914324701072,2026.797828541493,1859.47281484566
2024-05-27,EQ,"2,260.00","2,264.40","2,208.45","2,238.50","2,246.20",2249.55,"2,243.47","2,313.45","1,270.00","8,09,083","1,81,51,53,104.30","45,206",2091.348631196769,2031.20876262978,1863.354179872072
2024-05-28,EQ,"2,250.00","2,270.95","2,226.65","2,249.55","2,250.00",2251.65,"2,251.46","2,313.45","1,270.00","6,78,357","1,52,72,95,642.50","41,985",2097.6349593851314,2035.573935647012,1867.2178198733448
2024-05-29,EQ,"2,230.60","2,265.10","2,215.05","2,251.65","2,253.95",2253.85,"2,240.72","2,313.45","1,270.00","5,18,041","1,16,07,84,973.15","37,470",2103.761039409244,2039.896233951032,1871.064906242764
2024-05-30,EQ,"2,244.95","2,259.25","2,222.70","2,253.85","2,233.00",2230.85,"2,241.27","2,313.45","1,270.00","7,41,013","1,66,08,12,005.75","41,115",2108.7449202167245,2043.6774966450705,1874.644857424428
2024-05-31,EQ,"2,227.15","2,238.80","2,145.75","2,230.85","2,192.00",2179.25,"2,183.43","2,313.45","1,270.00","28,14,422","6,14,51,04,618.10","85,039",2111.5098253062647,2046.3621006719009,1877.6757543654787
2024-06-03,EQ,"2,234.55","2,255.00","2,207.30","2,179.25","2,253.90",2250.0,"2,239.08","2,313.45","1,286.00","8,95,334","2,00,47,26,926.10","79,520",2116.9408125491564,2050.394534321962,1881.3804732275137
2024-06-04,EQ,"2,251.00","2,253.00","2,069.00","2,250.00","2,225.05",2211.45,"2,192.57","2,313.45","1,286.00","11,69,349","2,56,38,79,289.55","1,06,996",2120.6470551942875,2053.583751464101,1884.6647471257477
2024-06-05,EQ,"2,223.10","2,370.10","2,201.90","2,211.45","2,337.75",2351.8,"2,308.95","2,370.10","1,286.00","17,94,260","4,14,28,47,684.60","1,06,431",2129.711876559217,2059.489023712337,1889.312859094645
2024-06-06,EQ,"2,360.00","2,409.95","2,335.50","2,351.80","2,388.00",2398.2,"2,382.05","2,409.95","1,286.00","16,06,531","3,82,68,30,247.00","1,09,572",2140.240822576503,2066.196171757637,1894.376412735495
2024-06-07,EQ,"2,400.00","2,429.65","2,387.15","2,398.20","2,409.00",2407.65,"2,411.31","2,429.65","1,286.00","7,47,356","1,80,21,09,006.25","70,334",2150.7274569852675,2072.9576337030303,1899.4836126087737
2024-06-10,EQ,"2,419.65","2,444.95","2,412.00","2,407.65","2,432.60",2436.85,"2,431.47","2,444.95","1,289.00","14,82,253","3,60,40,50,922.85","55,940",2161.947948868198,2080.1634231346534,1904.8305418365476
2024-06-11,EQ,"2,440.00","2,452.00","2,418.00","2,436.85","2,436.00",2442.45,"2,437.71","2,452.00","1,289.00","9,37,870","2,28,62,53,001.90","80,280",2172.9480293047395,2087.3374147557493,1910.1799891814571
2024-06-12,EQ,"2,448.10","2,448.10","2,415.60","2,442.45","2,421.00",2420.5,"2,424.59","2,452.00","1,289.00","6,30,482","1,52,86,61,985.15","56,422",2182.655949724161,2093.934693671477,1915.2578002343785
2024-06-13,EQ,"2,440.75","2,461.00","2,411.00","2,420.50","2,443.90",2441.65,"2,437.36","2,461.00","1,289.00","9,90,069","2,41,31,53,301.00","78,999",2192.812579146744,2100.8201452819426,1920.49553356538
2024-06-14,EQ,"2,446.40","2,519.00","2,441.65","2,441.65","2,496.30",2503.85,"2,486.83","2,519.00","1,289.00","8,13,619","2,02,33,30,285.40","51,512",2205.0101250625576,2108.8009344842803,1926.300055619456
2024-06-18,EQ,"2,510.00","2,510.55","2,453.30","2,503.85","2,465.00",2471.15,"2,471.06","2,519.00","1,289.00","10,90,211","2,69,39,77,218.75","47,246",2215.446982903242,2115.9761635043933,1931.721448100854
2024-06-19,EQ,"2,470.05","2,474.05","2,430.15","2,471.15","2,440.00",2437.75,"2,450.66","2,519.00","1,289.00","6,74,896","1,65,39,40,079.60","42,550",2224.164748279585,2122.3479226429204,1936.75655807
2024-06-20,EQ,"2,431.65","2,449.30","2,388.50","2,437.75","2,431.00",2427.95,"2,414.65","2,519.00","1,289.00","7,59,638","1,83,42,60,644.90","44,361",2232.156326778425,2128.399448927219,1941.6440550046268
2024-06-21,EQ,"2,440.00","2,468.95","2,425.00","2,427.95","2,430.00",2435.4,"2,439.95","2,519.00","1,289.00","12,74,845","3,11,05,63,079.00","54,389",2240.1266669047614,2134.478667760344,1946.557049482193
2024-06-24,EQ,"2,435.40","2,463.00","2,427.05","2,435.40","2,432.50",2439.7,"2,442.44","2,519.00","1,289.00","8,38,611","2,04,82,57,634.05","45,175",2247.953072124182,2140.522654537366,1951.463944512221
2024-06-25,EQ,"2,440.70","2,483.55","2,406.85","2,439.70","2,416.90",2414.7,"2,438.04","2,519.00","1,289.00","7,09,617","1,73,00,76,087.60","54,489",2254.4921673349986,2145.951908902963,1956.073258497174
2024-06-26,EQ,"2,419.95","2,419.95","2,353.00","2,414.70","2,381.00",2376.75,"2,372.39","2,519.00","1,289.00","13,28,074","3,15,07,12,841.20","79,610",2259.286592145391,2150.5221681326075,1960.2590967210829
2024-06-27,EQ,"2,368.85","2,403.20","2,334.55","2,376.75","2,349.00",2344.15,"2,353.93","2,519.00","1,289.00","28,92,926","6,80,97,58,363.40","85,023",2262.614568924003,2154.356382625031,1964.0789067039575
2024-06-28,EQ,"2,363.00","2,376.00","2,327.10","2,344.15","2,360.00",2364.85,"2,351.29","2,519.00","1,289.00","5,31,757","1,25,03,16,119.05","47,135",2266.6238015152185,2158.5245730681,1968.0666787765551
2024-07-01,EQ,"2,364.85","2,388.65","2,340.35","2,364.85","2,356.00",2354.6,"2,364.43","2,519.00","1,293.50","5,31,888","1,25,76,10,363.05","50,265",2270.0738485146217,2162.4072547895234,1971.912781475296
2024-07-02,EQ,"2,354.60","2,369.40","2,314.75","2,354.60","2,335.00",2338.35,"2,340.69","2,519.00","1,293.50","8,79,900","2,05,95,69,197.95","56,961",2272.751344651303,2165.8912695461668,1975.5589229531536
2024-07-03,EQ,"2,350.00","2,373.20","2,301.20","2,338.35","2,313.00",2314.6,"2,336.86","2,519.00","1,293.50","7,45,901","1,74,30,66,453.70","58,392",2274.392468390468,2168.8359968818863,1978.9324660083464
2024-07-04,EQ,"2,320.00","2,393.95","2,317.75","2,314.60","2,369.00",2365.95,"2,344.54","2,519.00","1,293.50","13,48,615","3,16,18,87,071.25","56,527",2277.9829598261363,2172.7392444683837,1982.783386744581
2024-07-05,EQ,"2,369.05","2,439.00","2,369.05","2,365.95","2,429.00",2430.15,"2,411.73","2,519.00","1,293.50","12,53,460","3,02,30,07,770.85","70,434",2283.950294734916,2177.8364871521776,1987.2347958317
2024-07-08,EQ,"2,445.95","2,445.95","2,381.40","2,430.15","2,400.50",2398.25,"2,407.29","2,519.00","1,295.00","7,52,377","1,81,11,91,449.50","56,246",2288.43263611786,2182.201111168966,1991.324499355763
2024-07-09,EQ,"2,403.10","2,447.50","2,397.50","2,398.25","2,432.00",2438.2,"2,429.19","2,519.00","1,295.00","7,61,404","1,84,95,91,326.65","47,158",2294.3058660740226,2187.2703960963127,1995.771021750233
2024-07-10,EQ,"2,452.00","2,476.45","2,406.45","2,438.20","2,443.15",2440.25,"2,441.07","2,519.00","1,295.00","14,00,944","3,41,98,01,788.00","60,595",2300.0291654436687,2192.279893203316,2000.1936981507283
2024-07-11,EQ,"2,444.20","2,491.90","2,444.20","2,440.25","2,476.00",2475.7,"2,479.99","2,519.00","1,295.00","21,12,524","5,23,90,40,513.50","85,570",2306.918217779212,2197.892172545825,2004.9251041392783
2024-07-12,EQ,"2,480.00","2,491.00","2,425.10","2,475.70","2,437.00",2439.45,"2,444.00","2,519.00","1,295.00","7,42,628","1,81,49,82,804.70","50,684",2312.115542572183,2202.675495861749,2009.248734943863
2024-07-15,EQ,"2,445.00","2,455.55","2,424.30","2,439.45","2,452.50",2450.85,"2,442.58","2,519.00","1,295.00","3,20,518","78,28,89,832.85","26,148",2317.556109530137,2207.589842478348,2013.6427773822325
2024-07-16,EQ,"2,459.00","2,472.85","2,436.90","2,450.85","2,460.05",2455.4,"2,456.62","2,519.00","1,295.00","4,24,872","1,04,37,48,878.50","23,211",2322.961752293661,2212.49697431046,2018.038371637136
2024-07-18,EQ,"2,460.00","2,464.95","2,383.00","2,455.40","2,419.40",2407.6,"2,407.34","2,519.00","1,295.00","8,94,461","2,15,32,70,704.30","51,997",2326.2808992625373,2216.360400561738,2021.914606745224
2024-07-19,EQ,"2,410.55","2,417.70","2,370.00","2,407.60","2,398.00",2404.55,"2,395.62","2,519.00","1,295.00","8,58,204","2,05,59,30,296.80","56,536",2329.350275762046,2220.0869272832874,2025.7219240910429
2024-07-22,EQ,"2,404.80","2,440.95","2,371.00","2,404.55","2,420.00",2426.1,"2,419.08","2,519.00","1,295.00","5,10,664","1,23,53,37,327.80","33,459",2333.144382594907,2224.1663940697567,2029.7057855428732
2024-07-23,EQ,"2,425.90","2,490.00","2,359.95","2,426.10","2,470.00",2472.2,"2,440.40","2,519.00","1,295.00","8,36,325","2,04,09,64,322.85","56,276",2338.597544061773,2229.077950622831,2034.1087130499095
2024-07-24,EQ,"2,485.00","2,485.00","2,421.15","2,472.20","2,456.25",2449.55,"2,442.45","2,519.00","1,295.00","5,42,901","1,32,60,07,685.95","30,774",2342.948620765233,2233.4437337788145,2038.242457198667
2024-07-25,EQ,"2,445.55","2,458.50","2,421.00","2,449.55","2,445.25",2449.3,"2,441.97","2,519.00","1,295.00","3,95,417","96,55,95,267.25","32,433",2347.1192630881656,2237.718115288145,2042.3325820026605
2024-07-26,EQ,"2,449.50","2,528.80","2,438.75","2,449.30","2,507.00",2508.0,"2,503.92","2,528.80","1,295.00","13,28,315","3,32,59,90,876.70","47,385",2353.4283115945123,2243.0702318170925,2046.9660886494005
2024-07-29,EQ,"2,529.00","2,539.95","2,465.75","2,508.00","2,486.00",2484.6,"2,487.91","2,539.95","1,317.00","7,15,525","1,78,01,61,539.10","56,926",2358.57229937512,2247.8529995038825,2051.320654931496
2024-07-30,EQ,"2,484.55","2,511.95","2,470.60","2,484.60","2,492.10",2496.7,"2,496.37","2,539.95","1,317.00","6,35,216","1,58,57,34,537.95","38,412",2363.9890719486443,2252.780662880044,2055.752290205809
2024-07-31,EQ,"2,492.10","2,557.05","2,492.10","2,496.70","2,536.00",2531.0,"2,541.51","2,557.05","1,317.00","19,13,288","4,86,26,48,264.60","61,017",2370.538520107521,2258.2899566843994,2060.481123139085
2024-08-01,EQ,"2,532.00","2,602.15","2,520.00","2,531.00","2,575.00",2584.2,"2,585.86","2,602.15","1,317.00","24,77,455","6,40,63,59,993.10","84,129",2378.917401671933,2264.7436209084703,2065.6922562421787
2024-08-02,EQ,"2,574.80","2,584.90","2,525.00","2,584.20","2,565.55",2569.4,"2,564.92","2,602.15","1,317.00","9,07,741","2,32,82,82,304.35","45,515",2386.38730748872,2270.776420494441,2070.7042735930027
2024-08-05,EQ,"2,515.40","2,561.00","2,461.50","2,569.40","2,480.05",2493.35,"2,490.03","2,602.15","1,317.00","16,05,272","3,99,71,68,671.15","66,363",2390.5819228813198,2275.1838181084127,2074.909703706505
2024-08-06,EQ,"2,514.90","2,529.95","2,427.00","2,493.35","2,474.00",2478.8,"2,490.38","2,602.15","1,317.00","21,49,602","5,35,33,18,933.45","1,11,576",2394.041455317346,2279.215821710226,2078.9285126248483
2024-08-07,EQ,"2,535.00","2,618.65","2,535.00","2,478.80","2,571.10",2574.55,"2,571.75","2,618.65","1,317.00","23,38,106","6,01,30,32,330.00","1,07,742",2401.1202217754894,2285.0640232605188,2083.8600697131583
2024-08-08,EQ,"2,579.00","2,590.65","2,504.15","2,574.55","2,527.00",2529.05,"2,530.21","2,618.65","1,317.00","6,08,596","1,53,98,75,160.60","46,431",2406.1370758235093,2289.8954287405086,2088.2898202632764
2024-08-09,EQ,"2,541.60","2,589.60","2,534.05","2,529.05","2,580.00",2581.45,"2,574.77","2,618.65","1,317.00","5,54,497","1,42,77,02,937.55","37,358",2413.0120924578814,2295.668786587231,2093.1968867283185
2024-08-12,EQ,"2,578.40","2,583.10","2,535.00","2,581.45","2,569.95",2578.0,"2,568.96","2,618.65","1,320.80","7,88,200","2,02,48,56,362.00","45,609",2419.482206479141,2301.2595036845137,2098.020798303161
2024-08-13,EQ,"2,588.90","2,655.00","2,555.50","2,578.00","2,631.00",2635.8,"2,624.27","2,655.00","1,320.80","20,05,430","5,26,27,97,060.30","76,337",2427.965257205449,2307.884067967989,2103.3718351359657
2024-08-14,EQ,"2,635.80","2,653.15","2,594.50","2,635.80","2,600.55",2605.5,"2,611.82","2,655.00","1,320.80","13,64,898","3,56,48,73,708.35","43,217",2434.927403981706,2313.777452760702,2108.368135283866
2024-08-16,EQ,"2,625.00","2,635.15","2,572.85","2,605.50","2,601.55",2600.25,"2,593.63","2,655.00","1,320.80","10,89,926","2,82,68,60,022.30","37,242",2441.410643041247,2319.450176468411,2113.262482196465
2024-08-19,EQ,"2,622.55","2,625.00","2,585.25","2,600.25","2,609.65",2607.6,"2,603.69","2,655.00","1,321.10","4,64,963","1,21,06,17,859.35","30,679",2447.9278727259043,2325.1561135680463,2118.181263468142
2024-08-20,EQ,"2,624.00","2,647.40","2,612.05","2,607.60","2,633.00",2636.2,"2,633.54","2,655.00","1,321.10","5,46,115","1,43,82,15,578.55","28,941",2455.31109340332,2331.315398447887,2123.335678757016
2024-08-21,EQ,"2,636.20","2,636.20","2,605.60","2,636.20","2,629.00",2631.5,"2,624.08","2,655.00","1,321.10","9,68,366","2,54,10,70,359.00","39,336",2462.2204622894646,2337.2596479835724,2128.392040162419
2024-08-22,EQ,"2,647.00","2,715.20","2,629.35","2,631.50","2,704.60",2706.25,"2,691.02","2,715.20","1,321.10","14,15,927","3,81,02,90,227.10","79,884",2471.7902480820344,2344.566387627462,2134.141870608564
2024-08-23,EQ,"2,760.00","2,818.00","2,751.20","2,706.25","2,765.40",2767.0,"2,789.20","2,818.00","1,321.10","25,26,589","7,04,71,58,518.50","1,27,327",2483.3671010984253,2352.931409654641,2140.4389664234045
2024-08-26,EQ,"2,781.70","2,789.00","2,740.70","2,767.00","2,770.00",2775.2,"2,771.72","2,818.00","1,335.95","6,94,903","1,92,60,76,944.60","55,829",2494.8115285063304,2361.293163918905,2146.7549966082465
2024-08-27,EQ,"2,785.00","2,786.85","2,722.15","2,775.20","2,742.60",2741.1,"2,748.66","2,818.00","1,335.95","9,17,102","2,52,07,99,403.10","66,214",2504.469899937455,2368.814091366056,2152.6688772390103
2024-08-28,EQ,"2,756.40","2,762.20","2,721.95","2,741.10","2,733.10",2737.25,"2,740.22","2,818.00","1,335.95","6,15,924","1,68,77,67,225.60","29,013",2513.598531312457,2376.109851933065,2158.485604828672
2024-08-29,EQ,"2,750.00","2,765.50","2,725.55","2,737.25","2,762.00",2751.55,"2,745.56","2,818.00","1,335.95","5,45,401","1,49,74,33,153.45","31,229",2522.929961457067,2383.544310310628,2164.386743089083
2024-08-30,EQ,"2,779.00","2,824.00","2,757.85","2,751.55","2,819.00",2813.3,"2,798.23","2,824.00","1,335.95","16,91,050","4,73,19,44,318.95","56,696",2534.317021792084,2392.0543239678427,2170.8435914165552
2024-09-02,EQ,"2,859.50","2,860.00","2,780.35","2,813.30","2,790.00",2790.7,"2,802.56","2,860.00","1,439.20","10,86,763","3,04,57,15,138.30","79,629",2544.3712562316105,2399.9482977506577,2177.011316875097
2024-09-03,EQ,"2,806.00","2,806.00","2,777.35","2,790.70","2,780.00",2782.6,"2,789.34","2,860.00","1,439.20","7,32,254","2,04,25,04,735.85","44,027",2553.7135599088024,2407.525559181337,2183.037074916141
2024-09-04,EQ,"2,756.70","2,783.60","2,746.05","2,782.60","2,780.95",2774.9,"2,766.47","2,860.00","1,439.20","5,12,770","1,41,85,61,511.45","34,149",2562.387537951595,2414.800300583687,2188.926258250309
2024-09-05,EQ,"2,771.00","2,802.50","2,752.30","2,774.90","2,757.95",2761.7,"2,775.15","2,860.00","1,439.20","4,72,195","1,31,04,11,826.50","32,466",2570.203712933885,2421.669601562228,2194.6254994617484
2024-09-06,EQ,"2,761.65","2,783.05","2,732.85","2,761.70","2,755.00",2752.3,"2,757.62","2,860.00","1,439.20","6,38,798","1,76,15,62,277.00","44,938",2577.344743799224,2428.216738164956,2200.1744994671044
2024-09-09,EQ,"2,753.85","2,771.60","2,716.05","2,752.30","2,757.85",2765.1,"2,746.57","2,860.00","1,439.20","4,20,546","1,15,50,58,929.75","32,238",2584.707695022784,2434.887693844857,2205.795648726138
2024-09-10,EQ,"2,778.80","2,789.10","2,747.65","2,765.10","2,754.15",2755.0,"2,763.19","2,860.00","1,439.20","3,61,187","99,80,28,300.10","51,686",2591.385824629733,2441.226551392484,2211.260368639311
2024-09-11,EQ,"2,764.80","2,780.00","2,726.40","2,755.00","2,761.00",2759.65,"2,760.27","2,860.00","1,439.20","4,51,598","1,24,65,31,950.50","55,279",2597.9844197422926,2447.531966216395,2216.716981886681
2024-09-12,EQ,"2,780.05","2,828.00","2,765.35","2,759.65","2,822.35",2822.85,"2,802.90","2,860.00","1,439.20","6,40,298","1,79,46,91,915.25","50,197",2606.8026777916143,2454.964006489338,2222.7481561962663
2024-09-13,EQ,"2,834.85","2,843.60","2,818.35","2,822.85","2,832.00",2828.65,"2,831.55","2,860.00","1,439.20","3,72,568","1,05,49,43,356.45","30,448",2615.5025727801785,2462.3637291331133,2228.777030263965
2024-09-16,EQ,"2,840.80","2,849.95","2,805.00","2,828.65","2,841.20",2841.75,"2,824.92","2,860.00","1,483.10","2,37,258","67,02,34,588.95","21,293",2624.375020906446,2469.87632855622,2234.876263793677
2024-09-17,EQ,"2,850.00","2,850.00","2,783.10","2,841.75","2,821.00",2818.75,"2,810.35","2,860.00","1,483.10","9,98,069","2,80,49,22,233.80","53,696",2631.997569106193,2476.78471808976,2240.685952711153
2024-09-18,EQ,"2,819.95","2,835.00","2,772.20","2,818.75","2,778.00",2784.75,"2,804.97","2,860.00","1,483.10","5,37,825","1,50,85,83,955.65","29,565",2637.9878605137933,2482.8830405038243,2246.0995253209926
2024-09-19,EQ,"2,809.80","2,816.90","2,728.10","2,784.75","2,770.70",2770.6,"2,770.80","2,860.00","1,483.10","5,41,355","1,49,99,86,493.90","45,548",2643.188336572076,2488.580406038402,2251.318435516804
2024-09-20,EQ,"2,785.00","2,824.90","2,766.95","2,770.60","2,815.00",2815.6,"2,806.50","2,860.00","1,483.10","10,29,376","2,88,89,41,382.60","53,647",2649.949578275132,2495.056041562394,2256.93317745196
2024-09-23,EQ,"2,832.90","2,879.00","2,813.45","2,815.60","2,848.00",2845.2,"2,841.20","2,879.00","1,489.30","13,52,527","3,84,27,99,967.75","54,360",2657.60645755846,2501.989585293832,2262.786578671344
2024-09-24,EQ,"2,832.50","2,885.90","2,828.05","2,845.20","2,860.55",2868.7,"2,866.02","2,885.90","1,489.30","7,16,361","2,05,31,04,804.45","72,142",2665.8846356934223,2509.251177664252,2268.815567938296
2024-09-25,EQ,"2,865.00","2,898.90","2,846.10","2,868.70","2,865.00",2871.5,"2,871.07","2,898.90","1,489.30","9,01,475","2,58,82,00,152.25","40,900",2673.947983313288,2516.4244216709,2274.8124279588105
2024-09-26,EQ,"2,870.00","2,902.00","2,831.40","2,871.50","2,886.60",2891.1,"2,868.00","2,902.00","1,489.30","7,17,570","2,05,79,89,550.50","39,991",2682.4637486735514,2523.843740053654,2280.9446426059867
2024-09-27,EQ,"2,887.45","2,958.00","2,869.15","2,891.10","2,930.00",2949.7,"2,925.03","2,958.00","1,489.30","12,94,096","3,78,52,72,874.90","55,923",2692.943601666745,2532.276537280314,2287.598924769112
2024-09-30,EQ,"2,947.40","2,947.40","2,806.35","2,949.70","2,853.00",2839.85,"2,851.92","2,958.00","1,489.45","13,18,103","3,75,91,18,709.30","97,804",2698.7046368955007,2538.3671008985257,2293.093960343548
2024-10-01,EQ,"2,857.00","2,875.25","2,811.00","2,839.85","2,844.45",2838.65,"2,841.74","2,958.00","1,489.45","8,53,088","2,42,42,50,076.75","55,004",2704.192690350579,2544.313296920337,2298.522378648588
2024-10-03,EQ,"2,761.00","2,800.00","2,716.25","2,838.65","2,729.95",2725.6,"2,756.66","2,958.00","1,489.45","11,64,231","3,20,93,94,595.40","68,666",2705.0321926897723,2547.9031326248846,2302.7719072192485
2024-10-04,EQ,"2,729.00","2,751.30","2,658.00","2,725.60","2,694.55",2687.5,"2,698.41","2,958.00","1,489.45","10,39,593","2,80,52,49,618.80","68,228",2704.344655721546,2550.6674270283524,2306.600047445923
2024-10-07,EQ,"2,688.00","2,700.00","2,621.15","2,687.50","2,635.00",2637.85,"2,649.53","2,958.00","1,495.05","6,58,074","1,74,35,84,188.10","60,687",2701.7370221638384,2552.393814611949,2309.8960668743216
2024-10-08,EQ,"2,624.50","2,747.35","2,621.45","2,637.85","2,745.20",2740.55,"2,695.96","2,958.00","1,495.05","11,14,457","3,00,45,33,229.55","64,062",2703.259099726041,2556.1196796691383,2314.1811806367664
2024-10-09,EQ,"2,760.00","2,804.60","2,721.00","2,740.55","2,781.60",2782.55,"2,778.28","2,958.00","1,495.05","8,84,279","2,45,67,75,417.90","46,742",2706.368546795608,2560.603448388561,2318.8415668990874
2024-10-10,EQ,"2,780.00","2,828.00","2,762.00","2,782.55","2,787.00",2793.5,"2,805.01","2,958.00","1,495.05","4,98,243","1,39,75,75,143.95","39,933",2709.7854665291134,2565.215261291758,2323.5645363826784
2024-10-11,EQ,"2,791.55","2,800.00","2,764.65","2,793.50","2,792.85",2794.35,"2,786.23","2,958.00","1,495.05","2,72,568","75,94,36,673.45","26,738",2713.101722743658,2569.752582850337,2328.248968856483
2024-10-14,EQ,"2,794.30","2,845.00","2,789.00","2,794.35","2,835.00",2830.4,"2,822.78","2,958.00","1,548.50","4,46,302","1,25,98,11,338.60","27,782",2717.701655185083,2574.9139178434,2333.245496529553
2024-10-15,EQ,"2,846.10","2,848.00","2,800.65","2,830.40","2,833.00",2833.6,"2,831.31","2,958.00","1,548.50","6,71,968","1,90,25,52,331.60","35,775",2722.24668831508,2580.036414519768,2338.2241483053785
2024-10-16,EQ,"2,824.05","2,829.90","2,754.50","2,833.60","2,766.35",2774.15,"2,786.67","2,958.00","1,548.50","3,36,618","93,80,42,204.20","32,145",2724.282112302724,2583.880247895614,2342.561718969007
2024-10-17,EQ,"2,744.00","2,749.85","2,594.60","2,774.15","2,679.00",2679.25,"2,662.97","2,958.00","1,548.50","28,12,222","7,48,88,67,437.60","1,86,102",2722.516147114381,2585.768757838275,2345.9118511185693
2024-10-18,EQ,"2,678.95","2,753.80","2,651.10","2,679.25","2,718.00",2715.9,"2,717.13","2,958.00","1,548.50","5,70,397","1,54,98,41,854.50","41,221",2722.256690364798,2588.3456141187053,2349.5933252367927
2024-10-21,EQ,"2,715.35","2,756.35","2,666.10","2,715.90","2,741.05",2737.7,"2,727.16","2,958.00","1,548.50","6,85,233","1,86,87,37,875.20","51,828",2722.8623103504924,2591.303126710414,2353.455083194636
2024-10-22,EQ,"2,749.00","2,749.00","2,658.05","2,737.70","2,670.00",2662.5,"2,699.07","2,958.00","1,548.50","4,53,367","1,22,36,69,699.15","33,474",2720.495160924983,2592.7129657854557,2356.530156993694
2024-10-23,EQ,"2,689.85","2,771.90","2,485.90","2,662.50","2,577.95",2562.95,"2,623.30","2,958.00","1,548.50","24,74,437","6,49,12,01,076.50","1,42,024",2714.316919320081,2592.1236001263374,2358.584085779826
2024-10-24,EQ,"2,625.00","2,649.00","2,475.15","2,562.95","2,480.00",2482.35,"2,523.93","2,958.00","1,548.50","26,51,875","6,69,31,55,714.35","1,54,880",2705.220177385961,2589.9498654703702,2359.8155874138583
2024-10-25,EQ,"2,502.10","2,502.10","2,375.00","2,482.35","2,441.95",2449.8,"2,415.92","2,958.00","1,548.50","20,13,642","4,86,47,96,090.45","1,33,375",2695.2036998414137,2587.174620609571,2360.710954703273
2024-10-28,EQ,"2,449.75","2,481.70","2,408.50","2,449.80","2,460.00",2462.35,"2,452.08","2,958.00","1,554.50","8,87,553","2,17,63,52,966.10","77,211",2686.072182200574,2584.702845944035,2361.72228848732
2024-10-29,EQ,"2,460.00","2,474.40","2,410.20","2,462.35","2,446.15",2447.2,"2,437.53","2,958.00","1,554.50","8,17,875","1,99,35,95,771.60","78,719",2676.7046456436888,2581.9800173114795,2362.572812979984
2024-10-30,EQ,"2,425.00","2,496.05","2,425.00","2,447.20","2,452.05",2458.9,"2,466.59","2,958.00","1,554.50","8,44,370","2,08,27,14,188.30","49,228",2668.1632869909954,2579.5427892459056,2363.53129245282
2024-10-31,EQ,"2,460.05","2,500.70","2,448.35","2,458.90","2,490.00",2493.7,"2,482.30","2,958.00","1,554.50","10,06,395","2,49,81,71,091.40","55,107",2661.321589461937,2577.842932033115,2364.82650347319
2024-11-01,EQ,"2,525.00","2,525.00","2,501.75","2,493.70","2,508.00",2509.7,"2,514.00","2,958.00","1,554.50","84,638","21,27,80,343.30","6,231",2655.3756447771552,2576.49356704236,2366.268030801815
2024-11-04,EQ,"2,523.85","2,523.85","2,404.70","2,509.70","2,415.00",2412.15,"2,428.76","2,958.00","1,600.20","7,91,508","1,92,23,85,365.50","51,086",2645.837384197659,2573.2392389821152,2366.724567808762
2024-11-05,EQ,"2,412.15","2,468.15","2,395.00","2,412.15","2,461.10",2458.4,"2,437.75","2,958.00","1,600.20","4,96,975","1,21,15,00,799.10","46,712",2638.486898542849,2570.965194645836,2367.636761163899
2024-11-06,EQ,"2,478.00","2,513.00","2,462.40","2,458.40","2,484.00",2485.9,"2,485.66","2,958.00","1,600.20","6,06,094","1,50,65,46,452.50","51,830",2632.503098599992,2569.280735345918,2368.8135098090343
2024-11-07,EQ,"2,497.00","2,514.00","2,443.20","2,485.90","2,469.50",2479.45,"2,473.84","2,958.00","1,600.20","6,26,252","1,54,92,47,175.30","57,903",2626.501016301953,2567.5019089034245,2369.9143704079493
2024-11-08,EQ,"2,486.00","2,490.30","2,445.00","2,479.45","2,467.00",2467.9,"2,471.15","2,958.00","1,600.20","2,29,547","56,72,44,971.20","36,133",2620.281368603837,2565.529593875634,2370.889351796925
2024-11-11,EQ,"2,455.00","2,493.60","2,441.05","2,467.90","2,459.05",2460.5,"2,467.67","2,958.00","1,635.70","3,04,447","75,12,76,021.15","28,276",2614.0154325801573,2563.4497999375026,2371.781000037752
2024-11-12,EQ,"2,460.00","2,485.00","2,430.00","2,460.50","2,430.00",2440.3,"2,455.97","2,958.00","1,635.70","4,88,274","1,19,91,87,254.45","48,964",2607.203062675053,2561.01119003775,2372.462781131904
2024-11-13,EQ,"2,421.80","2,425.95","2,356.95","2,440.30","2,394.35",2385.75,"2,383.85","2,958.00","1,635.70","11,58,274","2,76,11,55,267.15","87,554",2598.518628844659,2557.540671423141,2372.59499226492
2024-11-14,EQ,"2,375.00","2,415.00","2,360.00","2,385.75","2,408.00",2396.15,"2,393.45","2,958.00","1,635.70","3,08,515","73,84,14,304.55","35,139",2590.582604184084,2554.3448165434743,2372.8293704513385
2024-11-18,EQ,"2,409.00","2,443.30","2,395.05","2,396.15","2,405.25",2416.0,"2,419.40","2,958.00","1,706.00","3,69,073","89,29,35,147.80","41,185",2583.7362275494143,2551.605315225782,2373.2589289543102
2024-11-19,EQ,"2,419.80","2,469.90","2,413.60","2,416.00","2,421.00",2429.25,"2,448.89","2,958.00","1,706.00","3,49,283","85,53,54,061.95","32,936",2577.6779441161043,2549.1824376965583,2373.816054039342
2024-11-21,EQ,"2,415.00","2,429.25","2,381.55","2,429.25","2,390.00",2388.45,"2,402.75","2,958.00","1,706.00","5,26,062","1,26,39,94,526.30","38,534",2570.2572404252764,2545.999617148112,2373.961665441936
2024-11-22,EQ,"2,378.75","2,425.30","2,361.00","2,388.45","2,417.30",2414.25,"2,391.44","2,958.00","1,706.00","4,83,482","1,15,62,16,250.35","35,850",2564.1393094282066,2543.390713838248,2374.362544392762
2024-11-25,EQ,"2,465.00","2,488.85","2,446.05","2,414.25","2,458.00",2458.35,"2,464.64","2,958.00","1,799.00","11,52,942","2,84,15,89,593.55","60,734",2559.9907090584734,2541.7067393067973,2375.1982404684563
2024-11-26,EQ,"2,463.20","2,468.75","2,413.05","2,458.35","2,424.95",2424.6,"2,429.04","2,958.00","1,799.00","5,22,817","1,26,99,41,678.10","43,333",2554.681269487553,2539.3877939739896,2375.6898002647904
2024-11-27,EQ,"2,430.00","2,446.00","2,405.00","2,424.60","2,441.00",2440.65,"2,430.28","2,958.00","1,799.00","5,60,953","1,36,32,74,079.35","41,579",2550.209454997845,2537.4325901329207,2376.336170411409
2024-11-28,EQ,"2,441.50","2,459.20","2,410.00","2,440.65","2,415.00",2415.45,"2,429.88","2,958.00","1,799.00","9,20,475","2,23,66,45,136.70","44,787",2544.924770488125,2535.0170932986057,2376.7253627456244
2024-11-29,EQ,"2,402.00","2,445.00","2,396.90","2,415.45","2,433.00",2434.45,"2,431.26","2,958.00","1,799.00","5,98,013","1,45,39,24,015.40","42,506",2540.5924265474146,2533.0256657085342,2377.299737245668
2024-12-02,EQ,"2,457.05","2,496.50","2,451.00","2,434.45","2,482.90",2493.4,"2,475.78","2,958.00","1,871.75","8,86,621","2,19,50,79,985.70","57,285",2538.7417431533986,2532.2409990608403,2378.4549637407363
2024-12-03,EQ,"2,500.15","2,572.80","2,500.00","2,493.40","2,555.00",2556.2,"2,547.11","2,958.00","1,871.75","15,04,046","3,83,09,65,620.80","96,003",2539.4263806767945,2532.7154347230016,2380.223571066699
2024-12-04,EQ,"2,569.75","2,569.75","2,503.50","2,556.20","2,519.90",2518.7,"2,530.83","2,958.00","1,871.75","5,65,355","1,43,08,19,830.85","39,797",2538.6135814345675,2532.43790136215,2381.6014459814583
2024-12-05,EQ,"2,533.80","2,533.80","2,472.65","2,518.70","2,510.50",2512.2,"2,500.49","2,958.00","1,871.75","5,18,320","1,29,60,54,906.05","38,321",2537.577754711644,2532.037150840127,2382.9009340811454
2024-12-06,EQ,"2,519.90","2,537.90","2,505.25","2,512.20","2,521.00",2521.55,"2,522.84","2,958.00","1,871.75","3,28,425","82,85,63,574.60","34,916",2536.949215311188,2531.8294844868574,2384.280526776856
2024-12-09,EQ,"2,527.45","2,532.00","2,481.05","2,521.55","2,497.00",2488.85,"2,500.71","2,958.00","1,873.00","3,43,525","85,90,56,286.95","28,349",2535.062971573493,2530.978405586128,2385.3210190477325
2024-12-10,EQ,"2,497.80","2,524.00","2,483.95","2,488.85","2,515.00",2520.2,"2,511.05","2,958.00","1,873.00","5,49,109","1,37,88,37,685.05","41,190",2534.4801099431606,2530.7649718121447,2386.6630984601934
2024-12-11,EQ,"2,520.20","2,543.45","2,513.05","2,520.20","2,530.00",2531.45,"2,528.55","2,958.00","1,873.00","3,94,565","99,76,76,716.80","31,643",2534.3612821022525,2530.778536726756,2388.1037641471567
2024-12-12,EQ,"2,530.00","2,537.60","2,496.60","2,531.45","2,525.00",2523.75,"2,518.62","2,958.00","1,873.00","2,82,735","71,21,01,229.95","18,043",2533.94515339236,2530.639357781671,2389.4534779367373
2024-12-13,EQ,"2,518.05","2,530.00","2,465.00","2,523.75","2,520.70",2521.9,"2,503.48","2,958.00","1,873.00","2,86,975","71,84,37,128.55","20,032",2533.4727944357974,2530.466301191935,2390.771353778163
2024-12-16,EQ,"2,521.90","2,547.10","2,511.85","2,521.90","2,525.00",2527.9,"2,524.15","2,958.00","1,873.00","3,11,223","78,55,74,976.40","20,082",2533.2542534775307,2530.41548334655,2392.1358179196736
2024-12-17,EQ,"2,514.00","2,527.90","2,433.05","2,527.90","2,441.95",2453.05,"2,474.45","2,958.00","1,873.00","9,34,501","2,31,23,79,279.05","57,778",2530.1089886352743,2528.883493577311,2392.7419291841543
2024-12-18,EQ,"2,438.05","2,492.00","2,428.45","2,453.05","2,484.00",2479.25,"2,469.36","2,958.00","1,873.00","6,71,227","1,65,75,01,647.60","37,858",2528.1145184927145,2527.9006521203346,2393.602706008193
2024-12-19,EQ,"2,449.00","2,466.25","2,423.00","2,479.25","2,451.15",2459.65,"2,453.38","2,958.00","1,873.00","6,22,765","1,52,78,80,556.85","50,291",2525.429635414569,2526.549154058546,2394.259893013086
2024-12-20,EQ,"2,470.00","2,470.00","2,381.75","2,459.65","2,389.90",2391.65,"2,424.84","2,958.00","1,873.00","5,75,609","1,39,57,60,876.60","38,471",2520.183375202233,2523.877883681149,2394.233923928379
2024-12-23,EQ,"2,395.45","2,419.85","2,380.00","2,391.65","2,380.00",2388.3,"2,396.11","2,958.00","1,873.00","6,24,465","1,49,62,88,601.80","45,320",2515.0114781354787,2521.1931731132054,2394.1748799091915
2024-12-24,EQ,"2,389.00","2,433.65","2,372.55","2,388.30","2,424.50",2427.15,"2,414.08","2,958.00","1,873.00","3,77,743","91,19,03,459.15","30,417",2511.565929973303,2519.330932061459,2394.5029905568613
2024-12-26,EQ,"2,431.10","2,448.00","2,416.80","2,427.15","2,435.10",2438.55,"2,433.56","2,958.00","1,873.00","3,84,423","93,55,17,753.55","28,339",2508.702560170428,2517.7313096444004,2394.941269257788
2024-12-27,EQ,"2,439.50","2,489.80","2,417.75","2,438.55","2,422.95",2420.45,"2,447.65","2,958.00","1,873.00","4,56,684","1,11,78,03,631.05","49,796",2505.2416754578626,2515.8049470771844,2395.1950874741287
2024-12-30,EQ,"2,418.80","2,428.90","2,333.45","2,420.45","2,371.00",2353.6,"2,363.70","2,958.00","1,873.00","25,46,678","6,01,95,70,663.70","1,01,772",2499.294943086966,2512.592967927141,2394.7812060067245
2024-12-31,EQ,"2,359.90","2,374.90","2,346.05","2,353.60","2,368.00",2368.5,"2,361.26","2,958.00","1,873.00","6,49,708","1,53,41,29,130.35","36,502",2494.165729632576,2509.739641829574,2394.5197014693445
2025-01-01,EQ,"2,365.00","2,420.25","2,347.00","2,368.50","2,402.10",2406.6,"2,384.31","2,958.00","1,873.00","3,30,907","78,89,85,281.55","35,934",2490.7317794509063,2507.6972726844338,2394.6399034447736
2025-01-02,EQ,"2,419.30","2,508.00","2,402.05","2,406.60","2,508.00",2501.45,"2,460.81","2,958.00","1,873.00","12,47,379","3,06,95,63,109.50","67,679",2491.1521018253807,2507.573564314445,2395.7026904751738
2025-01-03,EQ,"2,514.00","2,514.00","2,467.50","2,501.45","2,484.00",2482.95,"2,485.64","2,958.00","1,873.00","7,66,578","1,90,54,34,139.55","41,358",2490.830450773405,2507.0859689814856,2396.570822908257
2025-01-06,EQ,"2,488.00","2,495.00","2,401.75","2,482.95","2,411.00",2413.85,"2,446.69","2,958.00","1,873.00","5,92,677","1,45,00,94,543.10","46,277",2487.811609566605,2505.2397121699714,2396.742755018622
2025-01-07,EQ,"2,420.05","2,450.85","2,366.75","2,413.85","2,371.40",2384.5,"2,395.22","2,958.00","1,873.00","5,29,516","1,26,83,05,530.80","43,316",2483.7601738973267,2502.848826780468,2396.6209365607256
2025-01-08,EQ,"2,381.10","2,395.00","2,343.00","2,384.50","2,360.00",2361.8,"2,367.20","2,958.00","1,873.00","6,78,020","1,60,50,11,380.00","46,473",2478.9774219797846,2500.0557807056066,2396.2744595800223
2025-01-09,EQ,"2,360.00","2,366.40","2,311.00","2,361.80","2,335.80",2326.45,"2,326.91","2,958.00","1,873.00","9,56,229","2,22,50,57,183.85","60,767",2472.9959544511653,2496.618042473812,2395.5796888379327
2025-01-10,EQ,"2,332.50","2,349.95","2,272.65","2,326.45","2,284.55",2283.25,"2,291.95","2,958.00","1,873.00","6,38,304","1,46,29,57,774.40","38,427",2465.554936629551,2492.3929327218552,2394.461980491287
2025-01-13,EQ,"2,277.10","2,278.25","2,171.40","2,283.25","2,179.00",2176.6,"2,202.30","2,958.00","1,873.00","8,96,851","1,97,51,31,552.75","61,118",2454.223370487216,2486.1396073214223,2392.294199590876
2025-01-14,EQ,"2,178.45","2,264.00","2,178.45","2,176.60","2,234.55",2235.0,"2,232.95","2,958.00","1,873.00","7,07,155","1,57,90,43,020.20","45,364",2445.626375566148,2481.166545790305,2390.7290831770365
2025-01-15,EQ,"2,237.05","2,261.85","2,225.40","2,235.00","2,253.00",2250.5,"2,247.50","2,958.00","1,873.00","10,51,263","2,36,27,10,782.60","48,768",2437.974360838064,2476.59889141822,2389.3337689165683
2025-01-16,EQ,"2,269.85","2,306.15","2,263.00","2,250.50","2,280.15",2278.05,"2,283.75","2,958.00","1,873.00","6,61,212","1,51,00,43,183.75","38,660",2431.7028172757878,2472.667230202017,2388.2264677333187
2025-01-17,EQ,"2,288.00","2,307.15","2,254.10","2,278.05","2,304.00",2301.25,"2,288.90","2,958.00","1,873.00","5,69,486","1,30,34,95,718.40","22,208",2426.5870205198744,2469.2728296039577,2387.361030243435
2025-01-20,EQ,"2,314.00","2,314.80","2,245.00","2,301.25","2,288.00",2292.95,"2,273.70","2,958.00","1,873.00","6,84,192","1,55,56,50,767.55","36,666",2421.346353048507,2465.781288423681,2386.421617007182
2025-01-21,EQ,"2,303.00","2,326.50","2,282.20","2,292.95","2,287.75",2291.9,"2,302.14","2,958.00","1,873.00","6,87,145","1,58,19,03,240.60","53,987",2416.270025477977,2462.338094593509,2385.4811034051204
2025-01-22,EQ,"2,304.00","2,309.00","2,244.10","2,291.90","2,266.90",2273.25,"2,277.07","2,958.00","1,873.00","6,00,777","1,36,80,09,994.25","56,034",2410.661397027861,2458.593775888687,2384.3643760080545
2025-01-23,EQ,"2,262.45","2,306.50","2,248.60","2,273.25","2,292.05",2300.1,"2,294.24","2,958.00","1,873.00","3,36,213","77,13,52,659.05","48,867",2406.325655967945,2455.45528527703,2383.525924505487
2025-01-24,EQ,"2,301.00","2,307.30","2,258.00","2,300.10","2,268.45",2270.7,"2,271.26","2,958.00","1,873.00","5,76,285","1,30,88,92,293.85","63,870",2401.007002792732,2451.7967647764945,2382.403278490507
2025-01-27,EQ,"2,264.80","2,274.75","2,218.15","2,270.70","2,236.75",2231.4,"2,241.34","2,958.00","1,873.00","6,63,070","1,48,61,62,057.45","82,076",2394.355747781252,2447.4324724046824,2380.9007583065218
2025-01-28,EQ,"2,254.00","2,374.90","2,217.05","2,231.40","2,350.00",2335.8,"2,320.26","2,958.00","1,873.00","14,46,186","3,35,55,31,995.70","1,24,021",2392.059443946693,2445.2219283966688,2380.451994542278
2025-01-29,EQ,"2,359.00","2,539.20","2,356.80","2,335.80","2,464.00",2464.75,"2,490.34","2,958.00","1,873.00","31,67,978","7,88,93,45,472.80","1,53,559",2394.910053987999,2445.6086228838635,2381.290780666236
2025-01-30,EQ,"2,459.05","2,505.10","2,429.85","2,464.75","2,468.00",2455.25,"2,466.96","2,958.00","1,873.00","8,79,247","2,16,90,67,682.55","69,113",2397.276326380627,2445.799541242599,2382.0266932964223
2025-01-31,EQ,"2,457.55","2,492.50","2,440.55","2,455.25","2,454.75",2457.9,"2,468.09","2,958.00","1,873.00","6,81,021","1,68,08,18,088.45","42,976",2399.653725346093,2446.0391542873,2382.78165157208
2025-02-01,EQ,"2,466.00","2,688.00","2,435.55","2,457.90","2,544.85",2555.1,"2,546.00","2,958.00","1,873.00","21,48,989","5,47,13,36,049.65","1,66,493",2405.749657685461,2448.198774994482,2384.4962620041983
2025-02-03,EQ,"2,549.90","2,661.20","2,527.65","2,555.10","2,651.90",2653.75,"2,633.05","2,958.00","1,873.00","30,36,331","7,99,47,97,042.40","1,85,969",2415.47516130564,2452.26909628172,2387.1754036757984
2025-02-04,EQ,"2,659.90","2,720.00","2,637.45","2,653.75","2,647.00",2644.4,"2,678.60","2,958.00","1,873.00","14,73,984","3,94,82,06,213.15","1,17,722",2424.4526059603204,2456.0736686325768,2389.734852395442
2025-02-05,EQ,"2,655.00","2,660.00","2,597.40","2,644.40","2,613.50",2617.05,"2,619.56","2,958.00","1,873.00","5,94,760","1,55,80,12,349.90","49,496",2432.0054449422687,2459.2613187586644,2391.996694660164
2025-02-06,EQ,"2,617.00","2,627.95","2,585.70","2,617.05","2,595.00",2591.35,"2,599.40","2,958.00","1,873.00","3,06,299","79,61,92,338.90","35,700",2438.254251022964,2461.876936208988,2393.98030963867
2025-02-07,EQ,"2,610.60","2,630.55","2,576.80","2,591.35","2,602.00",2605.65,"2,605.73","2,958.00","1,873.00","4,93,929","1,28,70,47,948.30","48,171",2444.818790198534,2464.7239275711863,2396.086475711917
2025-02-10,EQ,"2,616.00","2,650.00","2,535.60","2,605.65","2,545.80",2558.4,"2,562.70","2,958.00","1,873.00","4,40,811","1,12,96,65,493.20","62,151",2449.272955288788,2466.5788993024503,2397.701535655082
2025-02-11,EQ,"2,545.75","2,558.40","2,470.70","2,558.40","2,487.05",2485.0,"2,504.95","2,958.00","1,873.00","3,66,437","91,79,05,822.40","47,310",2450.674015865698,2466.943673573689,2398.5701770913497
2025-02-12,EQ,"2,500.00","2,502.50","2,420.00","2,485.00","2,483.80",2493.45,"2,465.75","2,958.00","1,873.00","5,27,642","1,30,10,32,921.05","78,115",2452.3515054395925,2467.468551324705,2399.514254931237
2025-02-13,EQ,"2,490.00","2,524.20","2,461.00","2,493.45","2,471.40",2475.4,"2,488.87","2,958.00","1,873.00","3,96,181","98,60,44,964.60","35,631",2453.2553679713733,2467.6256097143146,2400.269336971722
2025-02-14,EQ,"2,476.00","2,485.60","2,368.50","2,475.40","2,403.85",2401.4,"2,405.49","2,958.00","1,873.00","4,83,107","1,16,21,11,446.90","60,339",2451.2218241293585,2466.31421150215,2400.280587350113
2025-02-17,EQ,"2,401.40","2,403.00","2,356.05","2,401.40","2,362.65",2365.7,"2,375.86","2,958.00","1,873.00","4,59,708","1,09,22,02,480.45","67,136",2447.8680271046783,2464.321850878345,2399.9365019038432
2025-02-18,EQ,"2,360.50","2,371.95","2,337.10","2,365.70","2,346.15",2353.65,"2,352.65","2,958.00","1,873.00","5,14,133","1,20,95,75,288.20","45,479",2444.1732025123383,2462.130329078774,2399.4759396958448
2025-02-19,EQ,"2,342.80","2,397.00","2,330.05","2,353.65","2,372.00",2381.9,"2,374.77","2,958.00","1,873.00","6,31,536","1,49,97,52,787.35","42,183",2441.7311161393054,2460.541609691076,2399.301054723747
2025-02-20,EQ,"2,375.00","2,425.00","2,345.00","2,381.90","2,413.00",2419.25,"2,402.16","2,958.00","1,873.00","6,45,674","1,55,10,10,040.95","63,258",2440.8495037416856,2459.7239540536284,2399.49955169167
2025-02-21,EQ,"2,414.60","2,417.30","2,302.55","2,419.25","2,324.00",2324.95,"2,334.23","2,958.00","1,873.00","13,84,743","3,23,23,02,844.25","77,335",2436.30442516358,2457.055162884249,2398.757765107673
2025-02-24,EQ,"2,309.55","2,375.85","2,274.55","2,324.95","2,355.40",2362.45,"2,344.93","2,958.00","1,873.00","5,05,656","1,18,57,26,428.70","53,030",2433.408173196381,2455.181793322185,2398.39649381307
2025-02-25,EQ,"2,367.00","2,396.00","2,347.55","2,362.45","2,350.00",2360.65,"2,370.82","2,958.00","1,873.00","4,55,790","1,08,05,96,259.75","50,756",2430.554911502405,2453.309876622736,2398.020906809955
2025-02-27,EQ,"2,360.65","2,384.25","2,304.10","2,360.65","2,331.00",2338.95,"2,333.46","2,958.00","1,873.00","5,58,324","1,30,28,24,423.20","57,281",2426.962562031723,2451.0453246104044,2397.43313659294
2025-02-28,EQ,"2,318.00","2,318.00","2,192.75","2,338.95","2,235.35",2225.5,"2,233.86","2,958.00","1,873.00","13,99,849","3,12,70,64,300.65","83,061",2419.062069403028,2446.579080558713,2395.7223591144034
2025-03-03,EQ,"2,268.95","2,335.00","2,248.10","2,225.50","2,332.00",2323.85,"2,294.47","2,958.00","1,873.00","13,16,845","3,02,14,58,524.50","95,175",2415.328262759772,2444.1488017357683,2395.007211262519
2025-03-04,EQ,"2,289.95","2,335.00","2,252.30","2,323.85","2,291.15",2293.9,"2,299.32","2,958.00","1,873.00","12,08,564","2,77,88,74,219.75","75,603",2410.566370102526,2441.173577939021,2394.001169359409
2025-03-05,EQ,"2,308.60","2,347.40","2,280.50","2,293.90","2,330.10",2330.7,"2,330.63","2,958.00","1,873.00","6,95,924","1,62,19,39,887.35","70,354",2407.4343555887017,2438.985982336268,2393.371306977724
2025-03-06,EQ,"2,358.00","2,358.00","2,292.55","2,330.70","2,322.00",2319.5,"2,315.42","2,958.00","1,873.00","6,51,917","1,50,94,59,012.40","38,127",2403.985949487184,2436.619923280104,2392.6362690973488
2025-03-07,EQ,"2,332.00","2,359.10","2,307.70","2,319.50","2,331.35",2332.9,"2,340.21","2,958.00","1,873.00","6,83,846","1,60,03,43,484.05","41,695",2401.198265193569,2434.566063413171,2392.0418783600617
2025-03-10,EQ,"2,332.90","2,341.40","2,245.00","2,332.90","2,247.05",2257.25,"2,290.85","2,958.00","1,873.00","4,80,419","1,10,05,67,890.00","43,449",2395.5532351859783,2431.0548542366723,2390.7006656400613
2025-03-11,EQ,"2,247.00","2,299.15","2,218.80","2,257.25","2,282.05",2288.85,"2,270.79","2,958.00","1,873.00","5,74,902","1,30,54,81,190.45","40,188",2391.3687945904494,2428.238916529015,2389.6872261809563
2025-03-12,EQ,"2,291.00","2,299.95","2,242.20","2,288.85","2,255.50",2259.0,"2,257.65","2,958.00","1,873.00","5,19,721","1,17,33,46,956.35","41,666",2386.1778614692557,2424.887650855173,2388.386855771196
2025-03-13,EQ,"2,255.05","2,287.95","2,246.05","2,259.00","2,254.40",2250.9,"2,262.40","2,958.00","1,873.00","4,13,139","93,46,86,986.10","35,924",2380.8728472939906,2421.4423508382392,2387.0188273555623
2025-03-17,EQ,"2,258.55","2,313.45","2,256.05","2,250.90","2,266.00",2266.8,"2,281.17","2,958.00","1,873.00","5,82,066","1,32,77,90,114.35","58,624",2376.3994023020696,2418.3801260691653,2385.8226201181938
2025-03-18,EQ,"2,279.00","2,334.50","2,263.55","2,266.80","2,318.00",2311.75,"2,300.96","2,958.00","1,873.00","8,58,952","1,97,64,16,473.30","77,179",2373.864131623557,2416.268638424231,2385.085579121993
2025-03-19,EQ,"2,324.00","2,342.50","2,303.70","2,311.75","2,315.50",2319.75,"2,325.72","2,958.00","1,873.00","6,10,676","1,42,02,63,905.20","57,613",2371.74200881479,2414.3573782574144,2384.4354738570973
2025-03-20,EQ,"2,348.15","2,353.05","2,308.50","2,319.75","2,343.00",2346.8,"2,341.95","2,958.00","1,873.00","5,97,377","1,39,90,26,320.15","61,602",2370.7638908220533,2413.019608390931,2384.060991530161
2025-03-21,EQ,"2,355.85","2,450.00","2,350.05","2,346.80","2,423.15",2413.85,"2,416.24","2,958.00","1,873.00","18,71,573","4,52,21,71,508.95","1,18,920",2372.453542162365,2413.0360517891304,2384.3573995746374
2025-03-24,EQ,"2,434.00","2,457.75","2,395.05","2,413.85","2,444.00",2444.7,"2,432.03","2,958.00","1,873.00","7,03,461","1,71,08,38,926.45","62,729",2375.2867365873703,2413.663060664593,2384.957823459467
2025-03-25,EQ,"2,464.00","2,464.00","2,410.00","2,444.70","2,432.00",2421.5,"2,435.17","2,958.00","1,873.00","7,67,700","1,86,94,78,709.60","87,130",2377.0990214270814,2413.818247582126,2385.321427206139
2025-03-26,EQ,"2,415.00","2,450.00","2,407.00","2,421.50","2,424.00",2429.2,"2,425.45","2,958.00","1,873.00","5,12,282","1,24,25,15,456.70","45,371",2379.142197057392,2414.122836738916,2385.758029920506
2025-03-27,EQ,"2,411.95","2,460.95","2,370.00","2,429.20","2,450.55",2455.65,"2,444.16","2,958.00","1,873.00","6,36,174","1,55,49,12,709.05","41,884",2382.1425030551413,2414.945156803491,2386.4534724088594
2025-03-28,EQ,"2,463.00","2,468.00","2,401.50","2,455.65","2,415.05",2419.85,"2,432.50","2,958.00","1,873.00","5,82,409","1,41,67,10,227.45","40,318",2383.621228425528,2415.0422824113425,2386.7857761659857
2025-04-01,EQ,"2,425.00","2,459.20","2,392.90","2,419.85","2,449.45",2440.85,"2,432.87","2,958.00","1,873.00","4,63,333","1,12,72,26,758.85","46,256",2385.865493977468,2415.553326323989,2387.323728641946
2025-04-02,EQ,"2,450.00","2,518.45","2,443.55","2,440.85","2,496.20",2496.1,"2,492.37","2,958.00","1,873.00","8,32,671","2,07,53,27,550.10","62,949",2390.1884157822733,2417.148309961138,2388.406079600733
2025-04-03,EQ,"2,470.00","2,501.00","2,441.25","2,496.10","2,474.65",2476.05,"2,472.40","2,958.00","1,873.00","5,29,522","1,30,91,92,274.20","36,536",2393.555536731988,2418.314680060917,2389.278158410676
2025-04-04,EQ,"2,473.05","2,550.95","2,450.40","2,476.05","2,467.55",2464.95,"2,469.99","2,958.00","1,873.00","5,67,198","1,40,09,71,912.80","67,383",2396.3553196052435,2419.238151742879,2390.031112058331
2025-04-07,EQ,"2,245.25","2,394.90","2,221.10","2,464.95","2,382.10",2368.15,"2,353.32","2,958.00","1,873.00","10,50,483","2,47,21,19,248.40","97,463",2395.249228640332,2418.2265051737127,2389.813389550288
2025-04-08,EQ,"2,395.05","2,449.00","2,360.50","2,368.15","2,436.95",2437.65,"2,416.99","2,958.00","1,873.00","6,92,612","1,67,40,36,027.20","70,174",2396.9120039877703,2418.6111288336388,2390.289375723917
2025-04-09,EQ,"2,450.00","2,488.70","2,417.10","2,437.65","2,473.60",2475.25,"2,463.79","2,958.00","1,873.00","8,98,839","2,21,45,48,802.40","54,549",2399.98408226276,2419.732690638913,2391.134755069948
2025-04-11,EQ,"2,511.65","2,530.00","2,496.05","2,475.25","2,516.10",2513.3,"2,513.37","2,958.00","1,873.00","9,12,929","2,29,45,27,812.90","62,423",2404.4278437426515,2421.585508646063,2392.3503296463664
2025-04-15,EQ,"2,586.00","2,600.50","2,545.80","2,513.30","2,591.00",2586.5,"2,585.33","2,958.00","1,873.00","10,45,478","2,70,29,03,420.20","68,019",2411.5679283017635,2424.85114213822,2394.2821671623237
2025-04-16,EQ,"2,589.00","2,624.80","2,567.40","2,586.50","2,624.80",2614.2,"2,593.98","2,958.00","1,873.00","5,91,510","1,53,43,62,201.70","52,181",2419.5142840546355,2428.6006244721166,2396.470404304987
2025-04-17,EQ,"2,600.00","2,690.00","2,600.00","2,614.20","2,670.90",2679.3,"2,664.26","2,958.00","1,873.00","8,91,895","2,37,62,42,341.60","68,027",2429.701959189748,2433.564968541976,2399.284629137773
2025-04-21,EQ,"2,695.00","2,745.10","2,668.20","2,679.30","2,735.00",2735.6,"2,711.67","2,958.00","1,890.10","4,54,985","1,23,37,68,863.00","35,318",2441.6979607901503,2439.545860254016,2402.6310507383923
2025-04-22,EQ,"2,755.00","2,771.50","2,723.30","2,735.60","2,733.00",2738.5,"2,746.65","2,958.00","1,890.10","11,28,946","3,10,08,16,077.60","46,415",2453.337256445439,2445.4657442093817,2405.9730303330352
2025-04-23,EQ,"2,738.50","2,816.10","2,720.50","2,738.50","2,800.70",2806.7,"2,773.28","2,958.00","1,890.10","4,65,708","1,29,15,37,050.30","39,580",2467.1946189377745,2452.618897789394,2409.9603633645474
2025-04-24,EQ,"2,798.00","2,820.00","2,750.50","2,806.70","2,782.00",2773.9,"2,779.14","2,958.00","1,890.10","6,05,270","1,68,21,27,926.10","40,526",2479.222280940215,2458.9808998133662,2413.5816532813183
2025-04-25,EQ,"2,791.00","2,809.70","2,695.00","2,773.90","2,735.70",2737.9,"2,736.83","2,958.00","1,890.10","7,11,996","1,94,86,13,127.50","57,676",2489.366505217069,2464.504050312112,2416.8087015073747
